"Permit_ID","Permittee","Mine_Name","Bond_Amount","Avail_Bond","Bond_Type","Mine_Status","Bond_Status","Issue_Date","Acres","Anniversary","App_Date","App_No","Mine_Type","Post_SMCRA","Trans_From","Release_Date","Mountaintop","Underground","Steep_Slope","Auger_Mining","Non_AOC","Remining","Remining_Acres","Layer","Full_Bond","Highwall_IDs","Highwall_Length","Highwall_Cost_Min","Highwall_Cost_Mid","Highwall_Cost_Max","Min_Deficit","Mid_Deficit","Max_Deficit"
"1101914","A & G COAL CORPORATION","SAWMILL HOLLOW #3 MINE",5145000,5145000,"P","ACT/NOT PRDCNG","Bonded",2003-06-19,2777.92,2021-06-19,"2003/06/19",1008626,"Surface-Contour/Surf-Steep Slop/Surface - Auger/Surface - Auger",1,"1101854","","N","Y","Y","Y","N","Y",370.3,"CSMO_Permit_Boundaries",5145000,"[679, 670, 669, 667, 668, 672, 666, 685, 681, 695, 674]",3798.85782434,2206786.838729,3310180.25823,4413573.677511,-2938213.161271,-1834819.74177,-731426.322489001
"1102058","A & G COAL CORPORATION","BLACKWOOD STRIP",618000,618000,"P","ACT/NOT PRDCNG","Bonded",1984-07-20,205.2,2019-07-20,"1984/07/20",1009164,"Surface-Contour/Surf-Steep Slop/Surface - Area/RECLAIM ONLY",1,"1100583","","N","N","Y","N","N","Y",168.13,"CSMO_Permit_Boundaries",618000,"[883]",124.33272465,45128.204105,67692.30616,90256.40822,-572871.795895,-550307.69384,-527743.59178
"1502057","A & G COAL CORPORATION","STRAIGHT FORK SURFACE MINE",4698000,4698000,"P","ACT/NOT PRDCNG","Bonded",2001-06-04,1792.04,2021-06-04,"2001/06/04",1009762,"Surface-Contour/Surface - Area/Surface - Auger/AF-Refuse Disp/RECLAIM ONLY",1,"1501778","","N","Y","Y","Y","N","Y",373,"CSMO_Permit_Boundaries",4698000,"[849, 831, 840, 852, 816, 824]",704.20047089,349949.227995,524923.842012,699898.455986,-4348050.772005,-4173076.157988,-3998101.544014
"1101905","A & G COAL CORPORATION","LOONEY RIDGE SURFACE MINE #1",1559400,1559400,"P","ACT/NOT PRDCNG","Bonded",2004-04-05,1233.47,2019-04-05,"2004/04/05",1009043,"RECLAIM ONLY/Surface - Auger/Surface - Area/Surface-Contour/Undergrd. - R P",1,"","","N","Y","Y","Y","N","Y",429.39,"CSMO_Permit_Boundaries",1559400,"[675, 683, 686]",1054.78355436,1060931.92841,1591397.892576,2121863.856698,-498468.07159,31997.892576,562463.856698
"1102054","A & G COAL CORPORATION","MEG-LYNN MILL BRANCH MINE",1106200,1106200,"P","ACT/NOT PRDCNG","Bonded",1983-12-30,1279.73,2018-12-30,"1983/12/30",1009158,"Surface - Auger/RECLAIM ONLY/Surface-Contour",1,"1101804","","N","Y","Y","Y","N","Y",105.3,"CSMO_Permit_Boundaries",1106200,"[809, 810]",176.61478823,115315.30706,172972.96059,230630.61409,-990884.69294,-933227.03941,-875569.38591
"1102003","A & G COAL CORPORATION","POSSUM TROT SURFACE MINE",543000,543000,"P","ACT/NOT PRDCNG","Bonded",2007-09-21,387.47,2018-09-21,"2007/09/21",1008330,"RECLAIM ONLY/Surface - Area/Surface - Auger/Surface-Contour/Undergrd. - R P",1,"","","N","Y","Y","Y","N","Y",136.1,"CSMO_Permit_Boundaries",543000,"[790, 792]",405.51188274,187717.52508,281576.2876,375435.05012,-355282.47492,-261423.7124,-167564.94988
"1101991","A & G COAL CORPORATION","CRAIGER HOLLOW SURFACE MINE",519600,519600,"P","ACT/NOT PRDCNG","Bonded",2007-01-19,482.7,2020-01-19,"2007/01/19",1009877,"Surface-Contour/Surface - Auger/Surf-Steep Slop/Surface - Area",1,"","","N","Y","Y","Y","N","Y",233.1,"CSMO_Permit_Boundaries",519600,"[818]",233.3062258,168994.33069,253491.49601,337988.66137,-350605.66931,-266108.50399,-181611.33863
"1101918","A & G COAL CORPORATION","CANEPATCH SURFACE MINE",2220000,2220000,"P","ACT/NOT PRDCNG","Bonded",2004-07-08,751.86,2019-07-08,"2004/07/08",1009157,"Surf-Steep Slop/Surface - Auger/Surface - Area/Surface-Contour/RECLAIM ONLY",1,"","","N","Y","Y","Y","N","Y",86.93,"CSMO_Permit_Boundaries",2220000,"[848, 838]",2208.14661469,938989.368263,1408484.052414,1877978.736689,-1281010.631737,-811515.947586,-342021.263311
"1101975","A & G COAL CORPORATION","CANEPTACH/SARGENT HOLLOW SURFACE MINE, JOB 20A",2421600,2421600,"P","ACT/NOT PRDCNG","Bonded",2006-06-20,913.84,2021-06-20,"2006/06/20",1006642,"Surface - Area/Surface - Auger/RECLAIM ONLY",1,"","","N","Y","Y","Y","N","Y",535.07,"CSMO_Permit_Boundaries",2421600,"[895]",383.81593457,220352.19819,330528.2973,440704.39639,-2201247.80181,-2091071.7027,-1980895.60361
"1101669","A & G COAL CORPORATION","STRIP #6",0,0,"P","Released","Released",1998-12-10,0,1999-12-10,"",NA,"Surface - Area/Surface - Auger",NA,"","","N","","Y","Y","N","N",0,"Released_Permit_Boundaries",0,"[1172]",162.73277787,93419.595465,140129.393194,186839.190914,93419.595465,140129.393194,186839.190914
"1101740","A & G COAL CORPORATION","STRIP #9",0,0,"P","Released","Released",2000-02-22,0,2001-02-22,"",NA,"Surface - Area/Surface-Contour/Surface - Auger",NA,"","","N","","N","Y","N","Y",83.26,"Released_Permit_Boundaries",0,"[1326, 1327, 1315]",990.60486097,461466.219787,692199.32972,922932.439614,461466.219787,692199.32972,922932.439614
"1500883","AMBROSE BRANCH COAL COMPANY, INC.","CAVENGER HOLLOW SURFACE MINE",450800,450800,"P","ACT/NOT PRDCNG","Bonded",1986-08-26,240.87,2025-08-26,"1986/08/26",1010544,"Surface - Auger/Surface-Contour/PREP PLANT/AF-Refuse Disp/Re-processing",1,"","","N","Y","N","Y","N","N",0,"CSMO_Permit_Boundaries",450800,"[1035, 1037]",603.33822525,331123.358678,496685.037987,662246.717353,-119676.641322,45885.0379869999,211446.717353
"1100631","BARNETTE CONTRACTORS","",0,0,"P","Released","Released",1984-11-28,0,1989-11-28,"",NA,"Strip",NA,"1100563","","","","","","","",0,"Released_Permit_Boundaries",0,"[1030]",165.48096888,102901.92254,154352.88383,205803.84507,102901.92254,154352.88383,205803.84507
"1102354","BIG D ENTERPRISES, INC.","CARICO RIDGE HIGHWALL MINE",156000,156000,"P","ACTIVE","Bonded",2003-04-15,56.08,2025-04-15,"2003/04/15",1011231,"Surface - Auger",1,"1101834","","N","Y","Y","Y","N","Y",16.45,"CSMO_Permit_Boundaries",156000,"[1254]",393.64363039,421605.3773,632408.06609,843210.75474,265605.3773,476408.06609,687210.75474
"1601035","C. & K. COAL COMPANY, INC.","FROG POND",0,0,"P","Released","Released",1987-07-06,0,NA,"",NA,"Combination",NA,"","","","","","","","",0,"Released_Permit_Boundaries",0,"[1276]",93.19817715,85529.4227,128294.1341,171058.8454,85529.4227,128294.1341,171058.8454
"1102050","CALIBER ENERGY, INC.","COON BRANCH SURFACE/AUGER MINE",0,0,"P","Released","Released",2000-11-13,0,2020-11-13,"",NA,"Surface-Contour/Surface - Auger/Undergrd. - R P",NA,"1101763","","N","Y","Y","Y","N","N",0,"Released_Permit_Boundaries",0,"[1271]",410.79147019,302343.351134,453515.026693,604686.702277,302343.351134,453515.026693,604686.702277
"1102343","CIVIL, LLC","JONES FORK #2 MINE",3759100,3759100,"C","ACT/NOT PRDCNG","Bonded",2012-12-10,94.16,2018-12-10,"2012/12/10",1010866,"RECLAIM ONLY/Surface-Contour/Surface - Auger/Surf-Steep Slop/AF-Refuse Disp",1,"1102137","","N","N","Y","Y","N","Y",2.58,"CSMO_Permit_Boundaries",3759100,"[1887]",114.7282664,36335.550788,54503.326178,72671.10158,-3722764.449212,-3704596.673822,-3686428.89842
"1600921","CLINCHFIELD COAL COMPANY","OLD SMITH GAP MINE",0,0,"P","Released","Released",1986-11-26,0,1992-11-26,"",NA,"Surface-Contour/Surface - Auger/Undergrd. - R P",NA,"","","","","","","","",0,"Released_Permit_Boundaries",0,"[1445]",111.1011467,30640.45792,45960.68688,61280.91585,30640.45792,45960.68688,61280.91585
"1101445","CLINCHFIELD COAL COMPANY","COBRA PIT #1",0,0,"P","Released","Released",1992-11-23,0,1996-11-23,"",NA,"Surface - Auger",NA,"","","N","Y","Y","Y","N","N",0,"Released_Permit_Boundaries",0,"[1348]",90.48119912,39100.15503,58650.23254,78200.31006,39100.15503,58650.23254,78200.31006
"1502371","CLINTWOOD JOD, LLC","BEE BRANCH SURFACE MINE",1741800,1741800,"P","PCESS-NOT PROD","Bonded",2001-09-28,577.68,2024-09-28,"2001/09/28",1011004,"AF-Refuse Disp/Surface-Contour/Surface - Auger/Surface - Area",1,"1101784","","N","Y","Y","Y","N","N",0,"CSMO_Permit_Boundaries",1741800,"[1624, 1657, 1653]",1591.48714576,888572.43862,1332858.657915,1777144.877161,-853227.56138,-408941.342085,35344.8771609999
"1102358","CLINTWOOD JOD, LLC","PAW PAW STRIP",1269000,1269000,"P","ACT/NOT PRDCNG","Bonded",1996-06-10,457.82,2021-06-10,"1996/06/10",1010355,"Surface-Contour/Surface - Area/Surf-Steep Slop/Surface - Auger",1,"1101762","","N","Y","Y","Y","N","Y",21.56,"CSMO_Permit_Boundaries",1269000,"[1563]",215.93553461,52021.103669,78031.655493,104042.207328,-1216978.896331,-1190968.344507,-1164957.792672
"1102359","CLINTWOOD JOD, LLC","LAUREL BRANCH SURFACE MINE",3832900,3832900,"P","ACTIVE","Bonded",2007-02-20,1546.84,2022-02-20,"2007/02/20",1011243,"Surface - Area/Surface-Contour/Surf-Steep Slop/Surface - Auger",1,"1101995","","N","Y","Y","Y","N","Y",227.79,"CSMO_Permit_Boundaries",3832900,"[1629, 1616]",342.76184709,114396.895554,171595.343342,228793.791104,-3718503.104446,-3661304.656658,-3604106.208896
"1401520","COASTAL COAL COMPANY, LLC","SANDY RIDGE UPPER BANNER MINE",0,0,"P","Released","Released",1994-12-22,0,1999-12-22,"",NA,"Undergrd. - R P/AF-Refuse Disp/Surface-Contour/Surface - Auger",NA,"","","","Y","","","","Y",144.6,"Released_Permit_Boundaries",0,"[1259]",308.17477428,225510.57081,338265.85624,451021.14162,225510.57081,338265.85624,451021.14162
"1602387","COKING COAL LLC","WHITLEY FORK STRIP #1",114000,114000,"P","TEMP CESSATION","Bonded",1997-07-25,37.38,2025-07-25,"1997/07/25",1011573,"Surface - Area/Surface - Auger/Undergrd. - R P/Surface-Contour",1,"1602321","","N","Y","N","Y","N","N",0,"CSMO_Permit_Boundaries",114000,"[800, 802]",272.3910933,202900.381049,304350.571524,405800.761988,88900.381049,190350.571524,291800.761988
"1602351","COKING COAL LLC","PARDEE #1 STRIP",3394800,3394800,"C","ACT/NOT PRDCNG","Bonded",1993-11-10,1648.15,2022-11-10,"1993/11/10",1011017,"AF-Refuse Disp/Surface - Auger/Surf-Steep Slop/Surface-Contour/Undergrd. - R P",1,"1602221","","N","Y","Y","Y","N","Y",64.3,"CSMO_Permit_Boundaries",3394800,"[804, 795]",550.68426611,195217.411626,292826.117432,390434.823232,-3199582.588374,-3101973.882568,-3004365.176768
"1102352","COKING COAL LLC","PINE BRANCH NO. 1 MINE",462200,462200,"C","ACT/NOT PRDCNG","Bonded",1999-10-18,281.06,2024-10-18,"1999/10/18",1010829,"Surface - Area/Surface - Auger/Undergrd. - R P/Surf-Steep Slop/Surface-Contour",1,"1102229","","N","Y","Y","Y","N","Y",94.22,"CSMO_Permit_Boundaries",462200,"[833]",207.356571,72126.14472,108189.21708,144252.28944,-390073.85528,-354010.78292,-317947.71056
"1102386","COKING COAL LLC","NINE MILE SPUR #6",468000,468000,"P","ACTIVE","Bonded",2008-06-03,334.42,2023-06-03,"2008/06/03",1011574,"Surface - Auger/Surface-Contour",1,"1102375","","N","Y","Y","Y","N","Y",23.34,"CSMO_Permit_Boundaries",468000,"[793]",226.65484948,133070.509074,199605.763552,266141.018138,-334929.490926,-268394.236448,-201858.981862
"1101720","CORBIN MINING, LLC","TILLEY BRANCH MINE",0,0,"C","Released","Released",1996-06-27,0,2002-06-27,"",NA,"Surface - Auger/Surface-Contour",NA,"1101560","","N","N","Y","Y","Y","Y",156.73,"Released_Permit_Boundaries",0,"[1359, 1361, 1390, 1380, 1385, 1388, 1399]",1356.95897565,484187.32851,726280.99274,968374.65694,484187.32851,726280.99274,968374.65694
"1100251","FREEMAN FUEL CO.","",0,0,"P","Released","Released",1983-11-09,0,1988-11-09,"",NA,"Strip",NA,"338401X","","","","","","","",0,"Released_Permit_Boundaries",0,"[1274]",188.59381231,52781.895314,79172.842955,105563.790617,52781.895314,79172.842955,105563.790617
"1100757","H & G MINING COMPANY","H & G MINING COMPANY",0,0,"P","Released","Released",1985-10-01,0,2003-10-01,"",NA,"Surface-Contour/Surface - Auger",NA,"","","N","N","Y","Y","N","N",0,"Released_Permit_Boundaries",0,"[1096]",76.79108431,48846.03581,73269.05373,97692.07164,48846.03581,73269.05373,97692.07164
"1601982","HAROLD KEENE COAL COMPANY, INC.","THE BANNER MINE",462000,462000,"P","ACT/NOT PRDCNG","Bonded",2006-08-29,153.25,2019-08-29,"2006/08/29",1007783,"Surface - Auger/Undergrd. - R P/Surface-Contour",1,"","","N","Y","N","Y","N","Y",153.25,"CSMO_Permit_Boundaries",462000,"[1723, 1717, 1730, 1733]",956.65614711,461712.66392,692568.99583,923425.32787,-287.336079999979,230568.99583,461425.32787
"1102128","HAROLD KEENE COAL COMPANY, INC.","LOUIS LOWE MINE",4821500,4821500,"C","ACT/NOT PRDCNG","Bonded",2014-11-07,426.87,2020-11-07,"2014/11/07",1010041,"Surface-Contour/Surface - Auger/Surf-Steep Slop",1,"","","N","Y","Y","Y","N","Y",358.89,"CSMO_Permit_Boundaries",4821500,"[1659, 1665, 1668, 1660, 1662]",659.96690825,291811.97008,437717.95511,583623.94016,-4529688.02992,-4383782.04489,-4237876.05984
"1602329","INMET MINING, LLC","STONEGA #1 STRIP (BLUFF SPUR MINE)",9924100,9924100,"C","ACT/NOT PRDCNG","Bonded",2000-02-01,384.97,2024-02-01,"2000/02/01",1010774,"Surface - Area/Surface - Auger/Undergrd. - R P/Surface-Contour",1,"1602248","","N","Y","Y","Y","N","N",0,"CSMO_Permit_Boundaries",9924100,"[763, 765, 769, 779, 768]",1163.74317389,793574.860342,1190362.29055,1587149.720714,-9130525.139658,-8733737.70945,-8336950.279286
"1102365","INMET MINING, LLC","NINE MILE SPUR #5",1200200,1200200,"C","ACT/NOT PRDCNG","Bonded",2002-08-29,530.51,2019-08-29,"2002/08/29",1011148,"Surface - Auger/Surface-Contour/Undergrd. - R P",1,"1102213","","N","Y","Y","Y","N","Y",130.3,"CSMO_Permit_Boundaries",1200200,"[711]",143.33237555,57236.02376,85854.03563,114472.0475,-1142963.97624,-1114345.96437,-1085727.9525
"1102299","JEWELL VALLEY MINING LLC","FLATROCK NORTHEAST",492900,492900,"C","ACT/NOT PRDCNG","Bonded",2012-10-04,147.71,2019-10-04,"2012/10/04",1010799,"Surface - Auger/Surface-Contour",1,"1102084","","N","Y","N","Y","N","Y",147.71,"CSMO_Permit_Boundaries",492900,"[1738, 1740, 1742, 1748, 1754]",1695.59710261,787491.973721,1181237.960578,1574983.947427,294591.973721,688337.960578,1082083.947427
"1702302","JEWELL VALLEY MINING LLC","SURFACE MINE #1",1828900,1828900,"C","ACT/NOT PRDCNG","Bonded",2002-01-16,196.03,2022-01-16,"2002/01/16",1010737,"Surface - Auger/Undergrd. - R P/Surface-Contour/AF-Refuse Disp",1,"1702261","","N","Y","Y","Y","N","Y",85.25,"CSMO_Permit_Boundaries",1828900,"[1879]",103.1808388,31830.69274,47746.03911,63661.38547,-1797069.30726,-1781153.96089,-1765238.61453
"1702303","JEWELL VALLEY MINING LLC","FLATROCK PLANT & REFUSE",2095700,2095700,"C","ACT/NOT PRDCNG","Bonded",2006-04-10,280,2021-04-10,"2006/04/10",1010800,"AF-Refuse Disp/Undergrd. - R P/Surface - Auger/Surface-Contour/PREP PLANT/Surf-Steep Slop",1,"1702276","","N","Y","Y","Y","N","Y",257.91,"CSMO_Permit_Boundaries",2095700,"[1741, 1753, 1770]",1013.67167502,670792.1260269,1006188.188966,1341584.252015,-1424907.8739731,-1089511.811034,-754115.747985
"1102079","JUSTICE LOW SEAM MINING, INC.","DALTON BRANCH SURFACE MINE",9e+05,9e+05,"P","ACTIVE","Bonded",2012-02-09,299.1,2023-02-09,"2012/02/09",1009916,"Surface - Area/AF-Refuse Disp",1,"","","N","Y","N","N","N","N",0,"CSMO_Permit_Boundaries",9e+05,"[2069]",225.37848867,75784.7174776,113677.076204,151569.434939,-824215.2825224,-786322.923796,-748430.565061
"1102121","KEN ENERGY CORPORATION","DAVIS NO. 1 MINE",438000,438000,"P","ACT/NOT PRDCNG","Bonded",2014-05-19,236.15,2026-05-19,"2014/05/19",1010257,"Surface-Contour/Surface - Auger",1,"","","N","Y","Y","Y","N","Y",191.89,"CSMO_Permit_Boundaries",438000,"[1186]",116.66734697,39801.303395,59701.9551,79602.6068,-398198.696605,-378298.0449,-358397.3932
"1600752","LAMBERT COAL COMPANY, INC.","JAKES BRANCH",0,0,"P","Released","Released",1985-09-11,0,1990-09-11,"",NA,"Combination",NA,"1600562","","","","","","","",0,"Released_Permit_Boundaries",0,"[1167]",255.48528247,188462.54075,282693.81115,376925.08146,188462.54075,282693.81115,376925.08146
"1101812","LAMBERT COAL COMPANY, INC.","BIRD STRIP & AUGER",0,0,"P","Released","Released",2002-10-08,0,2007-10-08,"",NA,"Surface - Auger/Surface-Contour",NA,"","","N","Y","Y","Y","N","Y",56.2,"Released_Permit_Boundaries",0,"[1344]",120.2682284,48262.88428,72394.32641,96525.76855,48262.88428,72394.32641,96525.76855
"2336","Laurel Creek Coal Company","",0,0,"","Revoked","Forfeited",NA,68,NA,"",NA,"",0,"","09/03/1980","","","","","","",NA,"Bond_Forfeiture_Boundaries",0,"[1760]",273.24618471,127759.40615,191639.10918,255518.81227,127759.40615,191639.10918,255518.81227
"1500387","LOWER CLINTWOOD COAL COMPANY","LOWER CLINTWOOD COAL COMPANY",0,0,"P","Released","Released",1983-12-16,0,1988-12-16,"",NA,"Surface - Area/Surface-Contour/AF-Refuse Disp",NA,"247201X","","","","","","","",0,"Released_Permit_Boundaries",0,"[1084]",75.14677621,36986.45377,55479.68065,73972.90754,36986.45377,55479.68065,73972.90754
"2398","Maco Coal, Inc.","",0,0,"","Revoked","Forfeited",NA,155,NA,"",NA,"",0,"","09/01/1978","","","","","","",NA,"Bond_Forfeiture_Boundaries",0,"[1289, 1296, 1297]",828.28246437,408252.5849,612378.87737,816505.16981,408252.5849,612378.87737,816505.16981
"1101929","MID-VOL COAL SALES, INC.","VIRGINIA POINT SURFACE MINE",2673000,2673000,"P","ACTIVE","Bonded",2004-11-23,892.78,2024-11-23,"2004/11/23",1010340,"Surface-Contour/Surf-Steep Slop/Surface - Auger",1,"","","N","Y","Y","Y","Y","Y",871.65,"CSMO_Permit_Boundaries",2673000,"[2187, 2194, 2191, 2190, 2200]",2141.45318195,1673270.938937,2509906.408315,3346541.877763,-999729.061063,-163093.591685,673541.877763
"1101681","MOTIVATION COAL COMPANY","BLACK BEAR #2 SURFACE MINE",0,0,"P","Released","Released",1999-03-16,0,2003-03-16,"",NA,"Surface-Contour/Surface - Area/Surface - Auger",NA,"","","N","","Y","Y","Y","Y",367.05,"Released_Permit_Boundaries",0,"[1418, 1422]",481.88585343,214642.084843,321963.12726,429284.16971,214642.084843,321963.12726,429284.16971
"1701819","NALLY & HAMILTON ENTERPRISES, INC.","RODA COMPLEX",415600,0,"","Phase 3","Released",NA,NA,NA,"2000/11/21",NA,"",1,"","","","","","","","",NA,"Bond_Status",415600,"[702]",238.93470096,51996.1524615,77994.2286968,103992.3049231,-363603.8475385,-337605.7713032,-311607.6950769
"1101861","PARAMONT COAL COMPANY VIRGINIA, LLC","LOVERS GAP #4 SURFACE MINE",0,0,"P","Released","Released",2000-09-28,0,2006-09-28,"",NA,"Surface-Contour/Surface - Auger/Surf-Steep Slop/Surface - Area",NA,"1101759","","N","Y","Y","Y","Y","N",0,"Released_Permit_Boundaries",0,"[1463]",135.80668466,27981.8719739,41972.8079659,55963.7439579,27981.8719739,41972.8079659,55963.7439579
"1101863","PARAMONT COAL COMPANY VIRGINIA, LLC","BLACK BEAR #3 SURFACE MINE",0,0,"P","Released","Released",2000-09-26,0,2003-09-26,"",NA,"Surf-Steep Slop/Surface-Contour/Surface - Auger",NA,"1101758","","N","Y","Y","Y","N","N",0,"Released_Permit_Boundaries",0,"[1400]",69.11203049,35207.33854,52811.00782,70414.67709,35207.33854,52811.00782,70414.67709
"1201874","PARAMONT COAL COMPANY VIRGINIA, LLC","STEELS FORK UPPER BANNER DEEP MINE (VICC #11)",0,0,"P","Released","Released",2002-08-27,0,2008-08-27,"",NA,"Surface - Auger/Undergrd. - R P",NA,"1201807","","N","Y","Y","Y","Y","Y",120.05,"Released_Permit_Boundaries",0,"[1161, 1166]",734.97796965,389321.63433,583982.45158,778643.26869,389321.63433,583982.45158,778643.26869
"1601872","PARAMONT COAL COMPANY VIRGINIA, LLC","LAWSON HOLLOW SURFACE/DEEP MINE",0,0,"P","Released","Released",2002-10-18,0,2007-10-18,"",NA,"Surface - Auger/Surface-Contour/Surf-Steep Slop/Undergrd. - R P",NA,"1601814","","N","Y","Y","Y","N","Y",155.61,"Released_Permit_Boundaries",0,"[1244]",68.03798358,35417.878426,53126.81763,70835.75684,35417.878426,53126.81763,70835.75684
"1501867","PARAMONT COAL COMPANY VIRGINIA, LLC","DALE RIDGE DOCK",0,0,"P","Released","Released",1986-12-19,0,2003-12-19,"",NA,"Surface - Area/Surface - Auger/AF-Load-out Fac/Surface-Contour",NA,"1300938","","N","Y","Y","Y","Y","Y",128.84,"Released_Permit_Boundaries",0,"[1173, 1176, 1171]",2733.80124036,1491519.354384,2237279.0314615,2983038.708725,1491519.354384,2237279.0314615,2983038.708725
"1101038","PARAMONT COAL CORPORATION","",0,0,"P","Released","Released",1987-07-13,0,NA,"",NA,"Surface-Contour",NA,"","","","","","","","",0,"Released_Permit_Boundaries",0,"[1045]",26.07374652,10436.65181,15654.97771,20873.30361,10436.65181,15654.97771,20873.30361
"1101347","PARAMONT COAL CORPORATION","DUCK CAMP BRANCH MINE",0,0,"P","Released","Released",1991-05-22,0,1993-05-22,"",NA,"Surface-Contour",NA,"","","","","","","","",0,"Released_Permit_Boundaries",0,"[1098]",227.9796634,61611.15447,92416.73171,123222.30895,61611.15447,92416.73171,123222.30895
"1101743","PARAMONT COAL CORPORATION","BIRCHFIELD #5 MINE",0,0,"P","Released","Released",2000-03-17,0,2003-03-17,"",NA,"Surf-Steep Slop/Surface - Auger/Undergrd. - R P/Surface-Contour",NA,"","","N","Y","Y","Y","Y","Y",195.31,"Released_Permit_Boundaries",0,"[1040]",272.22048092,264431.366787,396647.050171,528862.733565,264431.366787,396647.050171,528862.733565
"1102180","PARAMONT CONTURA, LLC","THREE FORKS SURFACE MINE",4950000,4950000,"P","ACTIVE","Bonded",2014-05-29,2060.74,2026-05-29,"2014/05/29",1011538,"Surface - Area/Surface - Auger/Surf-Steep Slop",1,"1102123","","N","Y","Y","Y","N","Y",122.04,"CSMO_Permit_Boundaries",4950000,"[1548]",759.93716987,473386.426561,710079.639808,946772.853204,-4476613.573439,-4239920.360192,-4003227.146796
"1102218","PARAMONT CONTURA, LLC","TRACE FORK #3 MINE",0,0,"P","Released","Released",1999-08-10,0,2012-08-10,"",NA,"Surf-Steep Slop/Surface-Contour/Surface - Area/Surface - Auger/RECLAIM ONLY",NA,"1101897","","N","Y","Y","Y","N","N",0,"Released_Permit_Boundaries",0,"[1197]",203.91583758,75010.539718,112515.809557,150021.079418,75010.539718,112515.809557,150021.079418
"1102192","PARAMONT CONTURA, LLC","DRY FORK",0,0,"P","Released","Released",2009-11-12,0,2019-11-12,"",NA,"Surface - Area/Surface - Auger/Surf-Steep Slop",NA,"1102040","","N","Y","Y","Y","N","Y",606.77,"Released_Permit_Boundaries",0,"[1237, 1238, 1233]",364.01931876,134914.38148,202371.57224,269828.76301,134914.38148,202371.57224,269828.76301
"2800","Raptor, Inc.","",0,0,"","Revoked","Forfeited",NA,178.5,NA,"",NA,"",0,"","6/18/1980","","","","","","",NA,"Bond_Forfeiture_Boundaries",0,"[1099]",96.53499802,64217.2258,96325.8387,128434.45161,64217.2258,96325.8387,128434.45161
"1100033","RED RIVER COAL COMPANY, INC.","FOX GAP MINE",831300,831300,"P","ACT/NOT PRDCNG","Bonded",1983-02-23,459.09,2026-02-23,"1983/02/23",1011523,"Surface-Contour/Undergrd. - R P/Surface - Area/Surface - Auger/Surf-Steep Slop",1,"319502X","","N","Y","Y","Y","N","N",0,"CSMO_Permit_Boundaries",831300,"[876, 888, 886, 880]",635.68130027,687242.909086,1030864.36358,1374485.81811,-144057.090914,199564.36358,543185.81811
"1601576","RED RIVER COAL COMPANY, INC.","BLACK CREEK SURFACE MINE",903700,903700,"P","ACT/NOT PRDCNG","Bonded",1996-09-27,1331.78,2025-09-27,"1996/09/27",1011524,"Undergrd. - R P/Surface - Auger/Surface-Contour/Surface - Area/Surf-Steep Slop",1,"","","N","N","Y","Y","N","Y",844.3,"CSMO_Permit_Boundaries",903700,"[916]",63.97098319,27635.48918,41453.23376,55270.97835,-876064.51082,-862246.76624,-848429.02165
"1100084","RED RIVER COAL COMPANY, INC.","DIXIANA PERMIT",127800,127800,"P","ACTIVE","Bonded",1983-06-23,93.71,2024-06-23,"1983/06/23",1011610,"AF-Load-out Fac/Surface-Contour/Surf-Steep Slop",1,"211301X","","N","Y","Y","N","N","Y",18.65,"CSMO_Permit_Boundaries",127800,"[910]",289.26989488,205727.194959,308590.792539,411454.390018,77927.194959,180790.792539,283654.390018
"1101760","RED RIVER COAL COMPANY, INC.","BACKBONE RIDGE SURFACE MINE",834200,834200,"P","RECLAIMED/ACT.","Bonded",2000-10-20,464.36,2025-10-20,"2000/10/20",1011499,"Surface-Contour/Surface - Area/Surf-Steep Slop/Undergrd. - R P",1,"","","N","Y","Y","N","N","Y",98.25,"CSMO_Permit_Boundaries",834200,"[865, 867, 861]",1041.65720873,1313159.931942,1969739.897972,2626319.86398,478959.931942,1135539.897972,1792119.86398
"1101272","RED RIVER COAL COMPANY, INC.","FLAT GAP MINE",448400,448400,"P","RECLAIMED/ACT.","Bonded",1990-06-21,230.71,2025-06-21,"1990/06/21",1011127,"Undergrd. - R P/Surface-Contour/Surface - Auger/Surf-Steep Slop",1,"","","N","Y","Y","Y","N","Y",28.7,"CSMO_Permit_Boundaries",448400,"[850, 881]",372.09962008,414090.386229,621135.57935,828180.77256,-34309.6137709999,172735.57935,379780.77256
"1101263","RED RIVER COAL COMPANY, INC.","",0,0,"P","Released","Released",1985-08-27,0,1992-08-27,"",NA,"Surface-Contour",NA,"1100746","","","","","","","",0,"Released_Permit_Boundaries",0,"[884]",57.8239061,64292.54047,96438.81071,128585.0809,64292.54047,96438.81071,128585.0809
"1100717","RED RIVER COAL COMPANY, INC.","BUCK KNOB MINE",0,0,"P","Released","Released",1985-06-05,0,2018-06-05,"",NA,"Surface - Auger/Surface-Contour/Undergrd. - R P/Surf-Steep Slop",NA,"142801X","","N","Y","Y","Y","N","N",0,"Released_Permit_Boundaries",0,"[938]",322.56748637,197063.45358,295595.18039,394126.90719,197063.45358,295595.18039,394126.90719
"1101401","RED RIVER COAL COMPANY, INC.","NORTH FOX GAP SURFACE MINE",0,0,"P","Released","Released",1992-01-16,0,2017-01-16,"",NA,"Surface-Contour/Surface - Auger/Surface - Area/Surf-Steep Slop/RECLAIM ONLY",NA,"","","N","Y","Y","Y","N","Y",252.19,"Released_Permit_Boundaries",0,"[913, 923]",730.50382645,695798.41959,1043697.62938,1391596.83921,695798.41959,1043697.62938,1391596.83921
"1102135","REVELATION ENERGY, LLC","JONES FORK SURFACE MINE #3",2000900,2000900,"C","ACT/NOT PRDCNG","Bonded",2006-10-31,88.27,2019-10-31,"2006/10/31",1009833,"Surface-Contour/Surface - Auger",1,"1101987","","N","Y","Y","Y","N","Y",16.55,"CSMO_Permit_Boundaries",2000900,"[1880]",134.41368832,61844.59791,92766.89686,123689.19581,-1939055.40209,-1908133.10314,-1877210.80419
"1100786","SOUTHWESTERN VIRGINIA COAL CORP.","HOME CREEK STRIP",0,0,"P","Released","Released",1985-12-30,0,1990-12-30,"",NA,"Strip",NA,"374102X","","","","","","","",0,"Released_Permit_Boundaries",0,"[1608]",146.32321908,37434.13052,56151.195787,74868.261053,37434.13052,56151.195787,74868.261053
"1501702","THE BANNER COMPANY","BANNER #2 STRIP",1227600,1227600,"P","TEMP CESSATION","Bonded",1999-11-05,180.23,2024-11-05,"1999/11/05",1010007,"Surface-Contour/Surf-Steep Slop/Surface - Auger/AF-Refuse Disp/Undergrd. - R P",1,"","","N","Y","Y","Y","N","Y",68.2,"CSMO_Permit_Boundaries",1227600,"[1286, 1285, 1282, 1283, 1284]",1059.63389889,439386.0585417,659079.087834,878772.117009,-788213.9414583,-568520.912166,-348827.882991
"1100918","THE BANNER COMPANY","HOKIE MINING #3",0,0,"P","Released","Released",1986-11-14,0,1997-11-14,"",NA,"Surface-Contour/Surface - Auger/Undergrd. - R P",NA,"","","N","N","N","Y","N","N",0,"Released_Permit_Boundaries",0,"[1292]",63.57906121,24199.70649,36299.55974,48399.41299,24199.70649,36299.55974,48399.41299
"1101779","THE BANNER COMPANY","HONEY BRANCH REMINING PERMIT",0,0,"P","Released","Released",2001-06-11,0,2006-06-11,"",NA,"Surface-Contour/Surface - Auger",NA,"","","N","Y","N","Y","N","Y",38.7,"Released_Permit_Boundaries",0,"[1308, 1306, 1307, 1311]",753.35943053,428979.865585,643469.798322,857959.731112,428979.865585,643469.798322,857959.731112
"1102049","THE BANNER COMPANY","COON BRANCH RECLAMATION AREA",0,0,"C","Released","Released",2010-07-22,0,2014-07-22,"",NA,"RECLAIM ONLY",NA,"","","N","Y","Y","N","Y","Y",4.45,"Released_Permit_Boundaries",0,"[1272]",87.16951706,22225.623224,33338.43483,44451.24645,22225.623224,33338.43483,44451.24645
"1601788","THE BLACK DIAMOND COMPANY","CONVICT HOLLOW REMINING PERMIT",786800,786800,"P","ACT/NOT PRDCNG","Bonded",2001-11-20,346.56,2011-11-20,"2001/11/20",1010294,"Surface-Contour/Surface - Auger/Undergrd. - R P",1,"","","N","Y","Y","Y","N","Y",278.23,"CSMO_Permit_Boundaries",786800,"[1458]",369.29194127,301657.15219,452485.72833,603314.30439,-485142.84781,-334314.27167,-183485.69561
"1102067","THE BLACK DIAMOND COMPANY","BEE TREE AUGER",35300,35300,"C","RECLAIMED/ACT.","Bonded",2011-12-07,53.06,2017-12-07,"2011/12/07",1010037,"Surface-Contour/Surface - Auger/Surf-Steep Slop",1,"","","N","Y","Y","Y","N","Y",24.41,"CSMO_Permit_Boundaries",35300,"[1383]",92.66202172,51286.2503,76929.37544,102572.5006,15986.2503,41629.37544,67272.5006
"1601787","THE BLACK DIAMOND COMPANY","BUCKEYE BRANCH/CANEY FORK REMINING",460200,460200,"P","TEMP CESSATION","Bonded",2001-11-16,344.29,2023-11-16,"2001/11/16",1011101,"Surface-Contour/Surface - Auger/Undergrd. - R P",1,"","","N","Y","Y","Y","N","Y",97.68,"CSMO_Permit_Boundaries",460200,"[1415, 1414]",419.60175496,147501.930905,221252.896352,295003.86181,-312698.069095,-238947.103648,-165196.13819
"1601816","THE BLACK DIAMOND COMPANY","ELKINS BRANCH REMINING PERMIT",2015600,2015600,"P","TEMP CESSATION","Bonded",2002-10-29,110.07,2025-10-29,"2002/10/29",1011288,"Surf-Steep Slop/Surface - Auger/Surface-Contour",1,"","","N","Y","Y","Y","N","Y",107.62,"CSMO_Permit_Boundaries",2015600,"[1611, 1614]",470.27734291,202209.800147,303314.700215,404419.600333,-1813390.199853,-1712285.299785,-1611180.399667
"1102056","TRUE ENERGY FUELS, LLC","TRUE ENERGY FUELS, LLC",684000,684000,"P","ACTIVE","Bonded",2009-08-20,289.64,2024-08-20,"2009/08/20",1010744,"Surface-Contour/Surface - Auger",1,"1102038","","N","Y","Y","Y","N","Y",216.23,"CSMO_Permit_Boundaries",684000,"[985, 992, 976, 983]",1265.65284215,662577.5202219,993866.280445,1325155.040573,-21422.4797781,309866.280445,641155.040573
"1602078","VIRGINIA FUEL CORPORATION","VFC - EASTERN STRIP",738000,738000,"P","ACT/NOT PRDCNG","Bonded",1992-08-03,308.98,2020-08-03,"1992/08/03",1008247,"Surface-Contour/Undergrd. - R P/Surface - Auger",1,"1601423","","N","Y","N","Y","N","N",0,"CSMO_Permit_Boundaries",738000,"[642]",179.78013309,57050.88802,85576.33203,114101.77602,-680949.11198,-652423.66797,-623898.22398
"1602068","VIRGINIA FUEL CORPORATION","VFC - WESTERN STRIP",2480100,2480100,"P","ACT/NOT PRDCNG","Bonded",1993-05-26,1496.01,2020-05-26,"1993/05/26",1008584,"Surface-Contour/Undergrd. - R P/Surface - Auger",1,"1601466","","N","N","Y","Y","N","N",0,"CSMO_Permit_Boundaries",2480100,"[603]",139.3119267,57302.48403,85953.72605,114604.9681,-2422797.51597,-2394146.27395,-2365495.0319
"1702073","VIRGINIA FUEL CORPORATION","VFC - CALVIN FACILITIES",1835875,1835875,"P","ACTIVE","Bonded",1987-10-15,734.13,2020-10-15,"1987/10/15",1008322,"PREP PLANT/AF-Load-out Fac/Surface - Auger/Undergrd. - R P/Surface-Contour/AF-Refuse Disp",1,"1501065","","N","Y","Y","Y","N","N",0,"CSMO_Permit_Boundaries",1835875,"[620, 622]",223.75002301,126594.539634,189891.809461,253189.07928,-1709280.460366,-1645983.190539,-1582685.92072
"1602074","VIRGINIA FUEL CORPORATION","VFC - STATE LINE STRIP",3450400,3450400,"P","ACT/NOT PRDCNG","Bonded",2000-03-20,1604.9,2020-03-20,"2000/03/20",1009360,"Surface-Contour/Surface - Auger/Undergrd. - R P/RECLAIM ONLY",1,"1601744","","N","Y","Y","Y","N","Y",565.63,"CSMO_Permit_Boundaries",3450400,"[645, 663, 643, 652]",492.36921796,197684.780965,296527.171437,395369.561979,-3252715.219035,-3153872.828563,-3055030.438021
"3121","Virginia Partners Limited","",0,0,"","Revoked","Forfeited",NA,40.85,NA,"",NA,"",0,"","12/01/1987","","","","","","",NA,"Bond_Forfeiture_Boundaries",0,"[584]",116.4380963,46474.56735,69711.85103,92949.1347,46474.56735,69711.85103,92949.1347
"1101661","","",0,0,"","Phase 3","Released",NA,NA,NA,"",NA,"",NA,"","","","","","","","",NA,"Bond_Status",0,"[879, 882]",213.558057,124806.03617,187209.05425,249612.07236,124806.03617,187209.05425,249612.07236
"1102164","","",0,0,"","Phase 3","Released",NA,NA,NA,"",NA,"",NA,"","","","","","","","",NA,"Bond_Status",0,"[1431]",351.73323862,108978.966911,163468.450359,217957.933815,108978.966911,163468.450359,217957.933815
