"Permit_ID","Permittee","Operator","Mine_Name","Bond_Amount","Avail_Bond","Mine_Status","Bond_Status","Mine_Type","Acres","Acres_Dist","Acres_Orig","Acres_Recl","Expir_Date","Issue_Date","PMLU","PMLU_2","Post_SMCRA","Vio_Active","Vio_Total","WebLink","Full_Bond","Highwall_IDs","Highwall_Length","Highwall_Cost_Min","Highwall_Cost_Mid","Highwall_Cost_Max","Min_Deficit","Mid_Deficit","Max_Deficit"
"S000279","ALEX ENERGY, INC.","SILVER CREEK MINING INC",NA,0,0,"Phase III Release","Released","Coal Surface Mine",530,530,530,530,1998-01-26,1979-01-08,"Hayland or Pasture","Forestland",1,-999,2,"https://apps.dep.wv.gov/WebApp/_dep/search/Permits/OMR/Permit_details.cfm?permit_id=S000279&dep_office_id=OMR&responsible_party_name=ALEX ENERGY, INC.",0,"[1584]",135.773705,48363.60702,72545.41053,96727.21405,48363.60702,72545.41053,96727.21405
"S500707","APPALACHIAN RESOURCE WEST VIRGINIA, LLC","","GRAPEVINE EAST SURFACE MINE",748896,748896,"AM-Active, Moving Coal","Bonded","Coal Surface Mine",534.73,0,342.3,331.52,2028-08-19,2008-08-19,"Forestland",NA,1,-999,41,"https://apps.dep.wv.gov/WebApp/_dep/search/Permits/OMR/Permit_details.cfm?permit_id=S500707&dep_office_id=OMR&responsible_party_name=APPALACHIAN RESOURCE WEST VIRGINIA, LLC",748896,"[1612, 1615]",1364.86382604,741520.17319,1112280.25987,1483040.34643,-7375.82681000012,363384.25987,734144.34643
"S501404","APPALACHIAN RESOURCE WEST VIRGINIA, LLC","","REMINING NO. 3 SURFACE MINE",5900834,5900834,"IA-Approved inactive Status","Bonded","Coal Surface Mine",1345.74,308.3,1175.28,65.72,2026-04-03,2006-04-03,"Forestland",NA,1,3,33,"https://apps.dep.wv.gov/WebApp/_dep/search/Permits/OMR/Permit_details.cfm?permit_id=S501404&dep_office_id=OMR&responsible_party_name=APPALACHIAN RESOURCE WEST VIRGINIA, LLC",5900834,"[1581, 1555, 1582, 1570, 1585, 1569]",5828.5244616,1999198.9989132,2998798.4984989,3998397.997826,-3901635.0010868,-2902035.5015011,-1902436.002174
"S500811","APPALACHIAN RESOURCE WEST VIRGINIA, LLC","Central Appalachia Mining, LLC","Millseat Surface Mine",2115000,2115000,"IA-Approved inactive Status","Bonded","Coal Surface Mine",589.56,94.47,395.28,78.72,2027-12-06,2012-12-06,"Forestland",NA,1,1,18,"https://apps.dep.wv.gov/WebApp/_dep/search/Permits/OMR/Permit_details.cfm?permit_id=S500811&dep_office_id=OMR&responsible_party_name=APPALACHIAN RESOURCE WEST VIRGINIA, LLC",2115000,"[1610, 1609, 1602, 1604]",3616.5554202,1526055.076866,2289082.615275,3052110.153831,-588944.923134,174082.615275,937110.153831001
"S500821","APPALACHIAN RESOURCE WEST VIRGINIA, LLC","","Mauchlinville Branch Surface Mine",1324680,1324680,"IA-Approved inactive Status","Bonded","Coal Surface Mine",530.44,-999,530.44,-999,2028-04-10,2023-04-10,"Forestland",NA,1,3,6,"https://apps.dep.wv.gov/WebApp/_dep/search/Permits/OMR/Permit_details.cfm?permit_id=S500821&dep_office_id=OMR&responsible_party_name=APPALACHIAN RESOURCE WEST VIRGINIA, LLC",1324680,"[1565, 1545]",782.36317996,354586.68001,531880.01998,709173.35998,-970093.31999,-792799.98002,-615506.64002
"O502192","ARGUS ENERGY WV, LLC","","PARKER BRANCH KIAH CREEK HAULR",18000,18000,"A3-Active, Reclaimed","Bonded","Other - Haulroad Only",17.42,12.01,17.42,0,2028-06-01,1993-06-01,NA,NA,1,-999,9,"https://apps.dep.wv.gov/WebApp/_dep/search/Permits/OMR/Permit_details.cfm?permit_id=O502192&dep_office_id=OMR&responsible_party_name=ARGUS ENERGY WV, LLC",18000,"[1391]",274.60801965,69895.249431,104842.87416,139790.49888,51895.249431,86842.87416,121790.49888
"S401311","BAYSTAR COAL COMPANY, INC.","","Newhall Surface Mine No. 2",921120,921120,"AM-Active, Moving Coal","Bonded","Coal Surface Mine",325.61,118.17,149.9,79.01,2028-12-05,2013-12-05,"Forestland",NA,1,2,22,"https://apps.dep.wv.gov/WebApp/_dep/search/Permits/OMR/Permit_details.cfm?permit_id=S401311&dep_office_id=OMR&responsible_party_name=BAYSTAR COAL COMPANY, INC.",921120,"[2055]",126.92515791,27314.68685,40972.03027,54629.37369,-893805.31315,-880147.96973,-866490.62631
"S011685","BIRCH RIVER RESOURCES, LLC","","LOWER MUDDLETY #1",759360,759360,"A4-Active, No coal removed","Bonded","Coal Surface Mine",411.07,111.62,314.01,49.33,2025-12-11,1985-12-11,"Fish and Wildlife Habitat/Recreation","Forestland",1,21,50,"https://apps.dep.wv.gov/WebApp/_dep/search/Permits/OMR/Permit_details.cfm?permit_id=S011685&dep_office_id=OMR&responsible_party_name=BIRCH RIVER RESOURCES, LLC",759360,"[2429]",864.80719605,384655.89895,576983.84848,769311.79783,-374704.10105,-182376.15152,9951.79783000005
"S306386","BIRCH RIVER RESOURCES, LLC","","LOWER MUDDLETY #2",928200,928200,"AM-Active, Moving Coal","Bonded","Coal Surface Mine",359.21,290.62,379.36,220.12,2022-08-01,1987-06-02,"Fish and Wildlife Habitat/Recreation",NA,1,13,38,"https://apps.dep.wv.gov/WebApp/_dep/search/Permits/OMR/Permit_details.cfm?permit_id=S306386&dep_office_id=OMR&responsible_party_name=BIRCH RIVER RESOURCES, LLC",928200,"[2427, 2430]",1020.03752253,530975.7840085,796463.6760472,1061951.5680159,-397224.2159915,-131736.3239528,133751.5680159
"S501200","BLACK CASTLE MINING COMPANY, LLC","","LAXARE EAST SURFACE MINE",3614020,3614020,"IA-Approved inactive Status","Bonded","Coal Surface Mine",1408.9,247.62,1560.71,975.26,2028-06-17,2003-06-17,"Forestland","Fish and Wildlife Habitat/Recreation",1,-999,49,"https://apps.dep.wv.gov/WebApp/_dep/search/Permits/OMR/Permit_details.cfm?permit_id=S501200&dep_office_id=OMR&responsible_party_name=BLACK CASTLE MINING COMPANY, LLC",3614020,"[1988, 1982, 1989, 1972, 1974]",3778.12902906,2471121.898446,3706682.847654,4942243.796456,-1142898.101554,92662.8476539999,1328223.796456
"S505792","BLACK CASTLE MINING COMPANY, LLC","","EAST OF STOLLINGS SURFACE MINE",3832080,3832080,"NS-Not Started","Bonded","Coal Surface Mine",1483.05,149.27,1101.29,1073.88,2029-09-01,1994-09-01,"Forestland","Fish and Wildlife Habitat/Recreation",1,2,109,"https://apps.dep.wv.gov/WebApp/_dep/search/Permits/OMR/Permit_details.cfm?permit_id=S505792&dep_office_id=OMR&responsible_party_name=BLACK CASTLE MINING COMPANY, LLC",3832080,"[1920]",275.62712559,144909.39078,217364.08616,289818.78157,-3687170.60922,-3614715.91384,-3542261.21843
"S502401","BLACK CASTLE MINING COMPANY, LLC","","LEXERD SURFACE MINE",4845380,4845380,"NS-Not Started","Bonded","Coal Surface Mine",983.53,252.02,1080.29,429.35,2028-06-03,2003-06-03,"Fish and Wildlife Habitat/Recreation","Forestland",1,2,55,"https://apps.dep.wv.gov/WebApp/_dep/search/Permits/OMR/Permit_details.cfm?permit_id=S502401&dep_office_id=OMR&responsible_party_name=BLACK CASTLE MINING COMPANY, LLC",4845380,"[1947, 2016, 1963, 1966, 2014, 2011, 1961, 1965, 1978]",7216.33949506,5729803.93458,8594705.901617,11459607.869141,884423.93458,3749325.901617,6614227.869141
"S502898","BLACK CASTLE MINING COMPANY, LLC","","WEST OF STOLLINGS",5297862,5297862,"NS-Not Started","Bonded","Coal Surface Mine",826.17,82.86,1108.77,519.31,2028-06-11,2003-06-11,"Forestland",NA,1,-999,55,"https://apps.dep.wv.gov/WebApp/_dep/search/Permits/OMR/Permit_details.cfm?permit_id=S502898&dep_office_id=OMR&responsible_party_name=BLACK CASTLE MINING COMPANY, LLC",5297862,"[1943, 1938, 1932]",1726.35954797,1309243.660989,1963865.491403,2618487.32191,-3988618.339011,-3333996.508597,-2679374.67809
"S401894","BLACK WOLF MINING COMPANY","EDWARDS HOLDING INC","EDEN ROCK OPERATION",0,0,"Phase III Release","Released","Coal Surface Mine",191,145.29,190.55,145,2000-12-08,1995-12-08,"Forestland","Combined",1,-999,2,"https://apps.dep.wv.gov/WebApp/_dep/search/Permits/OMR/Permit_details.cfm?permit_id=S401894&dep_office_id=OMR&responsible_party_name=BLACK WOLF MINING COMPANY",0,"[2119]",187.889432,94652.77043,141979.15564,189305.54089,94652.77043,141979.15564,189305.54089
"S012382","BLACK WOLF MINING COMPANY","WELLS AUGER MINING INC","DAUSS FORK SURFACE MINE",0,0,"Phase III Release","Released","Coal Surface Mine",132.75,65.18,132.75,65.18,1997-12-07,1982-12-07,"Forestland","Combined",1,-999,-999,"https://apps.dep.wv.gov/WebApp/_dep/search/Permits/OMR/Permit_details.cfm?permit_id=S012382&dep_office_id=OMR&responsible_party_name=BLACK WOLF MINING COMPANY",0,"[2156]",392.28611427,160513.48004,240770.22006,321026.96001,160513.48004,240770.22006,321026.96001
"S400893","BLACK WOLF MINING COMPANY","EDWARDS HOLDING INC","SKYTOP SURFACE MINE",0,0,"Phase III Release","Released","Coal Surface Mine",161.78,128.97,160.98,122.31,1998-12-07,1993-12-07,"Forestland","Fish and Wildlife Habitat/Recreation",1,-999,8,"https://apps.dep.wv.gov/WebApp/_dep/search/Permits/OMR/Permit_details.cfm?permit_id=S400893&dep_office_id=OMR&responsible_party_name=BLACK WOLF MINING COMPANY",0,"[2170]",117.027242,48272.38263,72408.57395,96544.76527,48272.38263,72408.57395,96544.76527
"S400399","BLUESTONE COAL CORPORATION","JUSTICE HIGHWALL MINING, INC.","Payne Branch Surface Mine",1955000,1955000,"AM-Active, Moving Coal","Bonded","Coal Surface Mine",596.67,102.7,596.67,424.07,2026-06-26,2001-06-26,"Commercial Woodland",NA,1,2,27,"https://apps.dep.wv.gov/WebApp/_dep/search/Permits/OMR/Permit_details.cfm?permit_id=S400399&dep_office_id=OMR&responsible_party_name=BLUESTONE COAL CORPORATION",1955000,"[2252]",202.6224414,68779.02164,103168.53247,137558.04329,-1886220.97836,-1851831.46753,-1817441.95671
"S401301","BLUESTONE COAL CORPORATION","Bluestone Coal Corporation","Poca No. 11 Contour Auger No.2",829920,829920,"AM-Active, Moving Coal","Bonded","Coal Surface Mine",579.62,121.53,510,46.29,2028-09-08,2003-09-08,"Forestland",NA,1,39,91,"https://apps.dep.wv.gov/WebApp/_dep/search/Permits/OMR/Permit_details.cfm?permit_id=S401301&dep_office_id=OMR&responsible_party_name=BLUESTONE COAL CORPORATION",829920,"[2267]",200.43551921,118502.087313,177753.130995,237004.174596,-711417.912687,-652166.869005,-592915.825404
"S201002","BROOKS RUN MINING COMPANY, LLC","","Seven Pines Mine",5098700,5098700,"A4-Active, No coal removed","Bonded","Coal Surface Mine",1617.34,730.87,1615.11,584.31,2024-04-16,2004-04-16,"Forestland","Commercial Forestry",1,76,163,"https://apps.dep.wv.gov/WebApp/_dep/search/Permits/OMR/Permit_details.cfm?permit_id=S201002&dep_office_id=OMR&responsible_party_name=BROOKS RUN MINING COMPANY, LLC",5098700,"[2446, 2447, 2450]",943.3539356,448691.421911,673037.132891,897382.843782,-4650008.578089,-4425662.867109,-4201317.156218
"S200205","BROOKS RUN MINING COMPANY, LLC","","Brandy Station Mine",90400,90400,"A4-Active, No coal removed","Bonded","Coal Surface Mine",32.7,19.02,121,0,2026-06-08,2006-06-08,"Forestland",NA,1,32,47,"https://apps.dep.wv.gov/WebApp/_dep/search/Permits/OMR/Permit_details.cfm?permit_id=S200205&dep_office_id=OMR&responsible_party_name=BROOKS RUN MINING COMPANY, LLC",90400,"[2440]",999.58129293,398672.082103,598008.123269,797344.164336,308272.082103,507608.123269,706944.164336
"S400110","CM ENERGY OPERATIONS, LP","","McDonald Fork Surface Mine",1969920,1969920,"AM-Active, Moving Coal","Bonded","Coal Surface Mine",862.02,234.18,738.1,70.68,2026-04-11,2016-04-11,"Forestland",NA,1,-999,9,"https://apps.dep.wv.gov/WebApp/_dep/search/Permits/OMR/Permit_details.cfm?permit_id=S400110&dep_office_id=OMR&responsible_party_name=CM ENERGY OPERATIONS, LP",1969920,"[1950, 1959, 1952, 1964]",820.69672814,229637.91521,344456.87282,459275.83042,-1740282.08479,-1625463.12718,-1510644.16958
"S500604","COAL-MAC LLC","CHAFIN BRANCH COAL CO LLC","SURFACE MINE NO. 2",294402,294402,"AM-Active, Moving Coal","Bonded","Coal Surface Mine",244.34,18.76,322.44,214.89,2025-12-28,2005-12-28,"Fish and Wildlife Habitat/Recreation","Combined",1,3,43,"https://apps.dep.wv.gov/WebApp/_dep/search/Permits/OMR/Permit_details.cfm?permit_id=S500604&dep_office_id=OMR&responsible_party_name=COAL-MAC LLC",294402,"[1806]",139.9309965,64171.64424,96257.46635,128343.2885,-230230.35576,-198144.53365,-166058.7115
"O505189","COAL-MAC LLC","BIG SOUTH MINING & CONST CO I",NA,40000,40000,"A3-Active, Reclaimed","Bonded","Other - Haulroad Only",39.33,34.83,30.57,3.36,2029-10-17,1989-10-17,"Public Service","Forestland",1,-999,8,"https://apps.dep.wv.gov/WebApp/_dep/search/Permits/OMR/Permit_details.cfm?permit_id=O505189&dep_office_id=OMR&responsible_party_name=COAL-MAC LLC",40000,"[1524]",345.30984938,159621.75039,239432.62558,319243.50079,119621.75039,199432.62558,279243.50079
"S500692","COAL-MAC LLC","SOUTHERN WEST VIRGINIA RESOURCES, LLC","BIG SANG KILL #1",557000,557000,"AM-Active, Moving Coal","Bonded","Coal Surface Mine",595.41,62.05,505,531.46,2017-10-16,1992-10-16,"Fish and Wildlife Habitat/Recreation","Industrial / Commercial",1,1,45,"https://apps.dep.wv.gov/WebApp/_dep/search/Permits/OMR/Permit_details.cfm?permit_id=S500692&dep_office_id=OMR&responsible_party_name=COAL-MAC LLC",557000,"[1428]",206.44212944,100769.161743,151153.742644,201538.323465,-456230.838257,-405846.257356,-355461.676535
"S501806","COAL-MAC LLC","","PEG FORK SURFACE MINE",639000,639000,"IA-Approved inactive Status","Bonded","Coal Surface Mine",870.1,185.42,816.58,185.42,2018-02-07,2008-02-07,"Public Service","Industrial / Commercial",1,-999,24,"https://apps.dep.wv.gov/WebApp/_dep/search/Permits/OMR/Permit_details.cfm?permit_id=S501806&dep_office_id=OMR&responsible_party_name=COAL-MAC LLC",639000,"[1394, 1386]",688.8717782,331546.258781,497319.38824,663092.51751,-307453.741219,-141680.61176,24092.51751
"S500522","COAL-MAC LLC","","Eagle No.3 Surface Mine",189040,189040,"AM-Active, Moving Coal","Bonded","Coal Surface Mine",138.58,-999,138.58,-999,2027-11-04,2022-11-04,"Fish and Wildlife Habitat/Recreation",NA,1,-999,1,"https://apps.dep.wv.gov/WebApp/_dep/search/Permits/OMR/Permit_details.cfm?permit_id=S500522&dep_office_id=OMR&responsible_party_name=COAL-MAC LLC",189040,"[1849, 1852]",924.83779972,510813.48725,766220.230795,1021626.97452,321773.48725,577180.230795,832586.97452
"S500617","COAL-MAC LLC","","Painted Rock Surface Mine",409000,409000,"AM-Active, Moving Coal","Bonded","Coal Surface Mine",582.7,226.22,507.63,117.44,2028-10-04,2018-10-04,"Fish and Wildlife Habitat/Recreation",NA,1,-999,12,"https://apps.dep.wv.gov/WebApp/_dep/search/Permits/OMR/Permit_details.cfm?permit_id=S500617&dep_office_id=OMR&responsible_party_name=COAL-MAC LLC",409000,"[1593]",550.40695482,534030.10788,801045.16184,1068060.21574,125030.10788,392045.16184,659060.21574
"S500802","COAL-MAC LLC","","TAYWOOD WEST SURFACE MINE",171600,171600,"AM-Active, Moving Coal","Bonded","Coal Surface Mine",485.6,130.49,354.54,163.94,2025-08-09,2005-08-09,"Forestland",NA,1,-999,28,"https://apps.dep.wv.gov/WebApp/_dep/search/Permits/OMR/Permit_details.cfm?permit_id=S500802&dep_office_id=OMR&responsible_party_name=COAL-MAC LLC",171600,"[1331]",211.75946328,169481.9556449,254222.933367,338963.91119,-2118.04435510002,82622.933367,167363.91119
"S500213","COAL-MAC LLC","","Laurel Fork Surface Mine",656000,656000,"AM-Active, Moving Coal","Bonded","Coal Surface Mine",676.9,256.26,656.5,43.72,2030-07-09,2015-07-09,"Forestland",NA,1,-999,8,"https://apps.dep.wv.gov/WebApp/_dep/search/Permits/OMR/Permit_details.cfm?permit_id=S500213&dep_office_id=OMR&responsible_party_name=COAL-MAC LLC",656000,"[1599, 1590, 1591]",1884.28918748,1985178.948726,2977768.423095,3970357.897203,1329178.948726,2321768.423095,3314357.897203
"S500905","COAL-MAC LLC","EAGLE CREEK MINING LLC","MT-500 SURFACE MINE",302160,302160,"IA-Approved inactive Status","Bonded","Coal Surface Mine",426.28,-1,1079.83,-999,2016-07-13,2006-07-13,"Fish and Wildlife Habitat/Recreation",NA,1,-999,22,"https://apps.dep.wv.gov/WebApp/_dep/search/Permits/OMR/Permit_details.cfm?permit_id=S500905&dep_office_id=OMR&responsible_party_name=COAL-MAC LLC",302160,"[1366]",153.1510773,75787.77584,113681.66376,151575.55168,-226372.22416,-188478.33624,-150584.44832
"S500908","COAL-MAC LLC","EAGLE CREEK MINING LLC","Seng Camp No. 2 A Mine",2525000,2525000,"IA-Approved inactive Status","Bonded","Coal Surface Mine",522.56,91.71,70.9,156.09,2027-05-30,2008-09-18,"Forestland",NA,1,-999,4,"https://apps.dep.wv.gov/WebApp/_dep/search/Permits/OMR/Permit_details.cfm?permit_id=S500908&dep_office_id=OMR&responsible_party_name=COAL-MAC LLC",2525000,"[1867, 1868, 1872, 1871, 1873]",853.54677724,522952.998791,784429.498162,1045905.997432,-2002047.001209,-1740570.501838,-1479094.002568
"S500900","COAL-MAC LLC","THUNDERHILL COAL COMPANY INC","CALLISTO SURFACE MINE",2460000,2460000,"IA-Approved inactive Status","Bonded","Coal Surface Mine",557.5,109.91,1183.6,320.15,2026-11-15,2001-11-15,"Forestland",NA,1,3,53,"https://apps.dep.wv.gov/WebApp/_dep/search/Permits/OMR/Permit_details.cfm?permit_id=S500900&dep_office_id=OMR&responsible_party_name=COAL-MAC LLC",2460000,"[2003, 2002]",537.90012672,270158.28842,405237.43262,540316.57687,-2189841.71158,-2054762.56738,-1919683.42313
"S501212","COAL-MAC LLC","","Sandlick Surface Mine",285000,285000,"IA-Approved inactive Status","Bonded","Coal Surface Mine",471.7,43.9,471.7,12.5,2025-03-25,2015-03-25,"Forestland",NA,1,5,14,"https://apps.dep.wv.gov/WebApp/_dep/search/Permits/OMR/Permit_details.cfm?permit_id=S501212&dep_office_id=OMR&responsible_party_name=COAL-MAC LLC",285000,"[1683, 1682]",469.16851559,235780.564396,353670.84664,471561.12884,-49219.435604,68670.84664,186561.12884
"S507091","COAL-MAC LLC","EAGLE CREEK MINING LLC","SING CAMP SURFACE #2",0,0,"Phase III Release","Released","Coal Surface Mine",90.8,0,220.76,0,2024-05-19,1994-05-19,"Fish and Wildlife Habitat/Recreation",NA,1,-999,11,"https://apps.dep.wv.gov/WebApp/_dep/search/Permits/OMR/Permit_details.cfm?permit_id=S507091&dep_office_id=OMR&responsible_party_name=COAL-MAC LLC",0,"[1875]",401.80808066,216014.61726,324021.925836,432029.234451,216014.61726,324021.925836,432029.234451
"S300812","CORNERSTONE MINING, LLC","","Gemini Surface Mine",3945000,3945000,"A4-Active, No coal removed","Bonded","Coal Surface Mine",850.1,342.95,728.51,111.46,2029-08-18,2014-08-18,"Forestland",NA,1,6,19,"https://apps.dep.wv.gov/WebApp/_dep/search/Permits/OMR/Permit_details.cfm?permit_id=S300812&dep_office_id=OMR&responsible_party_name=CORNERSTONE MINING, LLC",3945000,"[2333, 2329]",346.92456379,184676.119918,277014.179867,369352.239805,-3760323.880082,-3667985.820133,-3575647.760195
"S300117","CORNERSTONE MINING, LLC","","Jupiter Surface Mine",4560000,4560000,"A4-Active, No coal removed","Bonded","Coal Surface Mine",1187.2,490.41,921.97,66.18,2028-01-24,2018-01-24,"Forestland",NA,1,1,9,"https://apps.dep.wv.gov/WebApp/_dep/search/Permits/OMR/Permit_details.cfm?permit_id=S300117&dep_office_id=OMR&responsible_party_name=CORNERSTONE MINING, LLC",4560000,"[2326]",288.25053447,93363.55283,140045.32925,186727.10567,-4466636.44717,-4419954.67075,-4373272.89433
"S402309","CORNERSTONE MINING, LLC","","Puncheoncamp Surface Mine",385840,385840,"AM-Active, Moving Coal","Bonded","Coal Surface Mine",179.06,34.15,174.54,31.49,2027-03-30,2012-03-30,"Forestland",NA,1,-999,1,"https://apps.dep.wv.gov/WebApp/_dep/search/Permits/OMR/Permit_details.cfm?permit_id=S402309&dep_office_id=OMR&responsible_party_name=CORNERSTONE MINING, LLC",385840,"[2264, 2269]",636.24042465,333377.02931,500065.54394,666754.05867,-52462.97069,114225.54394,280914.05867
"S501702","COVINGTON COAL COMPANY, LLC","BUNDY AUGER MINING, INC.","Bull Creek Surface Mine",1935000,1935000,"IA-Approved inactive Status","Bonded","Coal Surface Mine",383.75,53.07,356.47,215.9,2018-10-16,2003-10-16,"Forestland",NA,1,18,70,"https://apps.dep.wv.gov/WebApp/_dep/search/Permits/OMR/Permit_details.cfm?permit_id=S501702&dep_office_id=OMR&responsible_party_name=COVINGTON COAL COMPANY, LLC",1935000,"[1944, 2000]",533.32103518,323784.413621,485676.620476,647568.827281,-1611215.586379,-1449323.379524,-1287431.172719
"S400691","DAYTON RESOURCES COMPANY","",NA,0,0,"Phase III Release","Released","Coal Surface Mine",96.73,129.57,137.89,126.04,1996-09-24,1991-09-24,"Fish and Wildlife Habitat/Recreation",NA,1,-999,7,"https://apps.dep.wv.gov/WebApp/_dep/search/Permits/OMR/Permit_details.cfm?permit_id=S400691&dep_office_id=OMR&responsible_party_name=DAYTON RESOURCES COMPANY",0,"[2071]",66.05007031,18238.66158,27357.99237,36477.32316,18238.66158,27357.99237,36477.32316
"S502799","ERP ENVIRONMENTAL FUND, INC.","","HEWITT CREEK SURFACE MINE NO.",2400000,2400000,"NS-Not Started","Bonded","Coal Surface Mine",480,215.9,411,246.7,2027-11-29,2002-12-20,"Forestland","Fish and Wildlife Habitat/Recreation",1,7,43,"https://apps.dep.wv.gov/WebApp/_dep/search/Permits/OMR/Permit_details.cfm?permit_id=S502799&dep_office_id=OMR&responsible_party_name=ERP ENVIRONMENTAL FUND, INC.",2400000,"[1866, 1847, 1853, 1848]",1997.94157934,1162538.917956,1743808.376939,2325077.83597,-1237461.082044,-656191.623061,-74922.1640300006
"S503308","ERP ENVIRONMENTAL FUND, INC.","","Chestnut Oak Surface Mine",955000,955000,"NS-Not Started","Bonded","Coal Surface Mine",260.4,55.4,253,92.6,2030-07-21,2010-07-21,"Forestland","Fish and Wildlife Habitat/Recreation",1,6,24,"https://apps.dep.wv.gov/WebApp/_dep/search/Permits/OMR/Permit_details.cfm?permit_id=S503308&dep_office_id=OMR&responsible_party_name=ERP ENVIRONMENTAL FUND, INC.",955000,"[1687, 1698]",1057.8600236,824919.35425,1237379.03133,1649838.70873,-130080.64575,282379.03133,694838.70873
"S003880","ERP ENVIRONMENTAL FUND, INC.","NUEAST MINING CORP",NA,64750,64750,"A4-Active, No coal removed","Bonded","Coal Surface Mine",253.42,-999,237,-999,1992-07-06,1980-05-05,"Forestland",NA,1,2,18,"https://apps.dep.wv.gov/WebApp/_dep/search/Permits/OMR/Permit_details.cfm?permit_id=S003880&dep_office_id=OMR&responsible_party_name=ERP ENVIRONMENTAL FUND, INC.",64750,"[2089, 2085]",508.73735385,225452.4138,338178.62071,450904.82761,160702.4138,273428.62071,386154.82761
"S500605","ERP ENVIRONMENTAL FUND, INC.","","North Rum",5583120,5583120,"AM-Active, Moving Coal","Bonded","Coal Surface Mine",1074,176.8,800.53,829.8,2026-06-08,2006-06-08,"Forestland",NA,1,8,42,"https://apps.dep.wv.gov/WebApp/_dep/search/Permits/OMR/Permit_details.cfm?permit_id=S500605&dep_office_id=OMR&responsible_party_name=ERP ENVIRONMENTAL FUND, INC.",5583120,"[1860, 1857, 1864, 1869]",1118.35437562,633327.473141,949991.209605,1266654.946187,-4949792.526859,-4633128.790395,-4316465.053813
"S500207","ERP ENVIRONMENTAL FUND, INC.","","Surface Mine No. 45",1457080,1457080,"AM-Active, Moving Coal","Bonded","Coal Surface Mine",498.4,435.6,602,98.5,2018-12-19,2008-12-19,"Forestland",NA,1,8,28,"https://apps.dep.wv.gov/WebApp/_dep/search/Permits/OMR/Permit_details.cfm?permit_id=S500207&dep_office_id=OMR&responsible_party_name=ERP ENVIRONMENTAL FUND, INC.",1457080,"[1697, 1734]",365.11472423,247974.824789,371962.23718,495949.64962,-1209105.175211,-1085117.76282,-961130.35038
"S300195","ERP ENVIRONMENTAL FUND, INC.","WCA, INC","LEASE 1",0,0,"Phase III Release","Released","Coal Surface Mine",0,79.18,583,-999,2011-02-09,1996-02-09,"Forestland",NA,1,1,29,"https://apps.dep.wv.gov/WebApp/_dep/search/Permits/OMR/Permit_details.cfm?permit_id=S300195&dep_office_id=OMR&responsible_party_name=ERP ENVIRONMENTAL FUND, INC.",0,"[2192, 2196, 2185]",390.05153329,116330.299669,174495.44951,232660.59934,116330.299669,174495.44951,232660.59934
"S400500","FALCON RECLAMATION LIMITED LIABILITY COMPANY","","FALCON SURFACE MINE",3495000,3495000,"AM-Active, Moving Coal","Bonded","Coal Surface Mine",611.19,116.37,558.29,324.73,2026-05-07,2001-05-07,"Forestland","Fish and Wildlife Habitat/Recreation",1,16,131,"https://apps.dep.wv.gov/WebApp/_dep/search/Permits/OMR/Permit_details.cfm?permit_id=S400500&dep_office_id=OMR&responsible_party_name=FALCON RECLAMATION LIMITED LIABILITY COMPANY",3495000,"[1981, 2024, 2022]",1781.2151729,1200172.876837,1800259.315166,2400345.753675,-2294827.123163,-1694740.684834,-1094654.246325
"S502108","GMAX, INC.","","Spice Creek Strip",287684.51,287684.51,"AM-Active, Moving Coal","Bonded","Coal Surface Mine",122.12,40.76,122.12,26.65,2026-07-05,2011-07-05,"Forestland",NA,1,2,23,"https://apps.dep.wv.gov/WebApp/_dep/search/Permits/OMR/Permit_details.cfm?permit_id=S401110&dep_office_id=OMR&responsible_party_name=GMAX, INC.",287684.51,"[2153, 2158, 2173]",465.54158746,261312.4589311,391968.6884417,522624.9178923,-26372.0510689,104284.1784417,234940.4078923
"S500709","GREENBRIER MINERALS, LLC","","Toney Fork Surface Mine No. 3",2630000,2630000,"AM-Active, Moving Coal","Bonded","Coal Surface Mine",842.2,154.05,764,54.36,2028-11-20,2013-11-20,"Forestland",NA,1,1,8,"https://apps.dep.wv.gov/WebApp/_dep/search/Permits/OMR/Permit_details.cfm?permit_id=S500709&dep_office_id=OMR&responsible_party_name=GREENBRIER MINERALS, LLC",2630000,"[1967]",571.56964639,248853.873901,373280.810867,497707.747832,-2381146.126099,-2256719.189133,-2132292.252168
"S501210","GREENBRIER MINERALS, LLC","","Toney Fork West Surface Mine",1660000,1660000,"IA-Approved inactive Status","Bonded","Coal Surface Mine",331.85,106.57,266.25,95.74,2026-12-07,2012-02-29,"Forestland",NA,1,-999,9,"https://apps.dep.wv.gov/WebApp/_dep/search/Permits/OMR/Permit_details.cfm?permit_id=S501210&dep_office_id=OMR&responsible_party_name=GREENBRIER MINERALS, LLC",1660000,"[1915]",86.053851,32277.67238,48416.50857,64555.34476,-1627722.32762,-1611583.49143,-1595444.65524
"S503395","GREENBRIER MINERALS, LLC","","TONEY FORK SURFACE #2",5702920,5702920,"NS-Not Started","Bonded","Coal Surface Mine",1120.91,171.48,872.08,749.55,2028-05-22,1998-05-28,"Forestland",NA,1,-999,85,"https://apps.dep.wv.gov/WebApp/_dep/search/Permits/OMR/Permit_details.cfm?permit_id=S503395&dep_office_id=OMR&responsible_party_name=GREENBRIER MINERALS, LLC",5702920,"[1935, 1946, 1949]",895.84424686,471645.603891,707468.40581,943291.20777,-5231274.396109,-4995451.59419,-4759628.79223
"S501300","GREENTHORN, LLC","APPALACHIAN FUELS, LLC.","WV-3",1626240,1626240,"IA-Approved inactive Status","Bonded","Coal Surface Mine",459.83,158.25,461.43,229.78,2025-11-03,2000-11-03,"Forestland",NA,1,28,168,"https://apps.dep.wv.gov/WebApp/_dep/search/Permits/OMR/Permit_details.cfm?permit_id=S501300&dep_office_id=OMR&responsible_party_name=GREENTHORN, LLC",1626240,"[1774, 1772]",874.35965806,335924.435527,503886.65333,671848.8711,-1290315.564473,-1122353.34667,-954391.1289
"S400507","GS ENERGY, LLC","","Garland Surface Mine",392320,392320,"AM-Active, Moving Coal","Bonded","Coal Surface Mine",255,83.06,253.71,25.66,2026-01-27,2011-01-27,"Fish and Wildlife Habitat/Recreation","Forestland",1,3,14,"https://apps.dep.wv.gov/WebApp/_dep/search/Permits/OMR/Permit_details.cfm?permit_id=S400507&dep_office_id=OMR&responsible_party_name=GS ENERGY, LLC",392320,"[1892, 1894]",648.71752537,199712.473546,299568.710326,399424.947081,-192607.526454,-92751.289674,7104.94708100008
"S500201","HIGHLAND MINING COMPANY","","GEORGES CREEK SURFACE MINE NO.",2320000,2320000,"AM-Active, Moving Coal","Bonded","Coal Surface Mine",583.34,163.89,343.83,159.61,2027-12-20,2002-12-20,"Forestland",NA,1,1,18,"https://apps.dep.wv.gov/WebApp/_dep/search/Permits/OMR/Permit_details.cfm?permit_id=S500201&dep_office_id=OMR&responsible_party_name=HIGHLAND MINING COMPANY",2320000,"[1830, 1828, 1827, 1825, 1824]",1136.3232836,483778.905159,725668.357764,967557.810397,-1836221.094841,-1594331.642236,-1352442.189603
"S201988","ICG EASTERN, LLC","","KNIGHT-INK #1",770249,770249,"A4-Active, No coal removed","Bonded","Coal Surface Mine",621.4,865.63,1598.82,701.21,2018-09-02,1988-09-02,"Fish and Wildlife Habitat/Recreation",NA,1,-999,28,"https://apps.dep.wv.gov/WebApp/_dep/search/Permits/OMR/Permit_details.cfm?permit_id=S201988&dep_office_id=OMR&responsible_party_name=ICG EASTERN, LLC",770249,"[2438]",1087.77969865,497229.957392,745844.935991,994459.914683,-273019.042608,-24404.064009,224210.914683
"S600886","JACKS BRANCH COAL COMPANY","","MINE 130",80360,80360,"NS-Not Started","Bonded","Coal Surface Mine",48.94,3.53,329.68,45.41,2026-03-04,1986-03-04,"Fish and Wildlife Habitat/Recreation",NA,1,-999,3,"https://apps.dep.wv.gov/WebApp/_dep/search/Permits/OMR/Permit_details.cfm?permit_id=S600886&dep_office_id=OMR&responsible_party_name=JACKS BRANCH COAL COMPANY",80360,"[2318, 2320]",536.90034298,277883.343612,416825.015432,555766.6873,197523.343612,336465.015432,475406.6873
"S400905","JUSTICE HIGHWALL MINING, INC","","Big Br. Highwall Mine Poca #12",511120,511120,"AM-Active, Moving Coal","Bonded","Coal Surface Mine",219.6,20,215.58,199.6,2016-11-03,2006-11-03,"Fish and Wildlife Habitat/Recreation",NA,1,3,37,"https://apps.dep.wv.gov/WebApp/_dep/search/Permits/OMR/Permit_details.cfm?permit_id=S400905&dep_office_id=OMR&responsible_party_name=JUSTICE HIGHWALL MINING, INC",511120,"[2210, 2215, 2247]",601.81677299,237830.48041,356745.72062,475660.96083,-273289.51959,-154374.27938,-35459.03917
"S306788","KANAWHA RIVER MINING COMPANY","","TOLBERT MINE #3",0,0,"Phase III Release","Released","Coal Surface Mine",54.29,103.15,119.11,94.53,1994-05-10,1989-05-10,"Fish and Wildlife Habitat/Recreation",NA,1,-999,14,"https://apps.dep.wv.gov/WebApp/_dep/search/Permits/OMR/Permit_details.cfm?permit_id=S306788&dep_office_id=OMR&responsible_party_name=KANAWHA RIVER MINING COMPANY",0,"[2330]",355.37724677,137962.78945,206944.18418,275925.57894,137962.78945,206944.18418,275925.57894
"S400504","KENTUCKY FUEL CORPORATION","JUSTICE HIGHWALL MINING, INC.","Puncheoncamp Thin Seam Mine",39520,39520,"AM-Active, Moving Coal","Bonded","Coal Surface Mine",51.5,45,85.69,45,2009-12-20,2004-12-20,"Industrial / Commercial",NA,1,2,11,"https://apps.dep.wv.gov/WebApp/_dep/search/Permits/OMR/Permit_details.cfm?permit_id=S400504&dep_office_id=OMR&responsible_party_name=KENTUCKY FUEL CORPORATION",39520,"[2118, 2112, 2096, 2109]",5891.01666516,5514981.3780528,8272472.0666696,11029962.7552474,5475461.3780528,8232952.0666696,10990442.7552474
"S400305","KENTUCKY FUEL CORPORATION","JUSTICE HIGHWALL MINING, INC.","Puncheoncamp Thin Seam Mine #2",49200,49200,"AM-Active, Moving Coal","Bonded","Coal Surface Mine",60.78,50,60.78,50,2010-10-03,2005-10-03,"Industrial / Commercial",NA,1,3,10,"https://apps.dep.wv.gov/WebApp/_dep/search/Permits/OMR/Permit_details.cfm?permit_id=S400305&dep_office_id=OMR&responsible_party_name=KENTUCKY FUEL CORPORATION",49200,"[2090, 2093]",5295.77532165,5772035.314088,8658052.970876,11544070.628049,5722835.314088,8608852.970876,11494870.628049
"S300609","KEYSTONE INDUSTRIES, LLC DBA KEYSTONE DEVELOPMENT, LLC","","KD Surface Mine No. 2",532440,532440,"A4-Active, No coal removed","Bonded","Coal Surface Mine",107,77.11,413.8,0.2,2024-05-05,2014-05-05,"Forestland",NA,1,11,76,"https://apps.dep.wv.gov/WebApp/_dep/search/Permits/OMR/Permit_details.cfm?permit_id=S300609&dep_office_id=OMR&responsible_party_name=KEYSTONE INDUSTRIES, LLC DBA KEYSTONE DEVELOPMENT, LLC",532440,"[2056]",91.06000865,40817.30623,61225.95934,81634.61245,-491622.69377,-471214.04066,-450805.38755
"S502099","LEXINGTON COAL COMPANY, LLC","J & L AUGER INC","Surface Mine No. 2",6945000,6945000,"IA-Approved inactive Status","Bonded","Coal Surface Mine",1260.04,520.75,934.4,691.32,2020-10-13,2000-10-13,"Commercial Woodland","Commercial Forestry",1,1,73,"https://apps.dep.wv.gov/WebApp/_dep/search/Permits/OMR/Permit_details.cfm?permit_id=S502099&dep_office_id=OMR&responsible_party_name=LEXINGTON COAL COMPANY, LLC",6945000,"[1785]",156.12450354,131430.9081,197146.36217,262861.8162,-6813569.0919,-6747853.63783,-6682138.1838
"S500398","LEXINGTON COAL COMPANY, LLC","","TWILIGHT II SURFACE MINE",4430000,4430000,"AM-Active, Moving Coal","Bonded","Coal Surface Mine",885.8,175.38,857,574.32,2028-06-03,1998-06-03,"Forestland","Commercial Woodland",1,12,73,"https://apps.dep.wv.gov/WebApp/_dep/search/Permits/OMR/Permit_details.cfm?permit_id=S500398&dep_office_id=OMR&responsible_party_name=LEXINGTON COAL COMPANY, LLC",4430000,"[2080, 2107]",994.04723747,505892.649876,758838.97483,1011785.299653,-3924107.350124,-3671161.02517,-3418214.700347
"S300691","LEXINGTON COAL COMPANY, LLC","SPARTAN MINING COMPANY","KANAWHA SERVICES NO. 1 SURFACE",807000,807000,"A4-Active, No coal removed","Bonded","Coal Surface Mine",807,17.81,879.82,605.75,2017-02-25,1992-02-25,"Forestland","Fish and Wildlife Habitat/Recreation",1,2,36,"https://apps.dep.wv.gov/WebApp/_dep/search/Permits/OMR/Permit_details.cfm?permit_id=S300691&dep_office_id=OMR&responsible_party_name=LEXINGTON COAL COMPANY, LLC",807000,"[2373, 2375, 2376]",641.56747158,293904.38251,440856.573765,587808.76508,-513095.61749,-366143.426235,-219191.23492
"S300296","LEXINGTON COAL COMPANY, LLC","SPARTAN MINING COMPANY","FOURMILE FK SURFACE MINE",3900000,3900000,"A4-Active, No coal removed","Bonded","Coal Surface Mine",749.74,47.85,730.1,519.61,2027-04-23,1997-04-23,"Forestland","Fish and Wildlife Habitat/Recreation",1,4,59,"https://apps.dep.wv.gov/WebApp/_dep/search/Permits/OMR/Permit_details.cfm?permit_id=S300296&dep_office_id=OMR&responsible_party_name=LEXINGTON COAL COMPANY, LLC",3900000,"[2365, 2366, 2370, 2360]",1174.78179611,900618.785978,1350928.178795,1801237.571884,-2999381.214022,-2549071.821205,-2098762.428116
"S500102","LEXINGTON COAL COMPANY, LLC","","GLORY SURFACE MINE",4993320,4993320,"AM-Active, Moving Coal","Bonded","Coal Surface Mine",1356.01,280.33,961.74,383.21,2024-01-02,2004-01-02,"Forestland","Fish and Wildlife Habitat/Recreation",1,3,49,"https://apps.dep.wv.gov/WebApp/_dep/search/Permits/OMR/Permit_details.cfm?permit_id=S500102&dep_office_id=OMR&responsible_party_name=LEXINGTON COAL COMPANY, LLC",4993320,"[1902, 1895, 1898, 1899, 1908, 1909, 1910, 1911]",5347.60205499,3383139.378303,5074709.067321,6766278.756879,-1610180.621697,81389.0673209978,1772958.756879
"S503195","LEXINGTON COAL COMPANY, LLC","INDEPENDENCE COAL COMPANY INC","WEST CAZY SURFACE MINE",4470800,4470800,"NS-Not Started","Bonded","Coal Surface Mine",1055.3,167.1,517,720.4,2026-03-12,1996-03-12,"Fish and Wildlife Habitat/Recreation","Fish and Wildlife Habitat/Recreation",1,8,88,"https://apps.dep.wv.gov/WebApp/_dep/search/Permits/OMR/Permit_details.cfm?permit_id=S503195&dep_office_id=OMR&responsible_party_name=LEXINGTON COAL COMPANY, LLC",4470800,"[1923, 1940, 1931, 1924]",2178.75278238,1040427.96855,1560641.952846,2080855.937059,-3430372.03145,-2910158.047154,-2389944.062941
"S400596","LEXINGTON COAL COMPANY, LLC","SIMMONS FORK MINING INC","SIMMONS FORK MOUNTAINTOP REMOV",0,0,"Phase III Release","Released","Coal Surface Mine",0,-999,822,-999,2011-11-07,1996-11-07,"Industrial / Commercial","Fish and Wildlife Habitat/Recreation",1,-999,16,"https://apps.dep.wv.gov/WebApp/_dep/search/Permits/OMR/Permit_details.cfm?permit_id=S400596&dep_office_id=OMR&responsible_party_name=LEXINGTON COAL COMPANY, LLC",0,"[2068]",118.8917983,48269.81843,72404.72765,96539.63686,48269.81843,72404.72765,96539.63686
"S301405","LEXINGTON COAL COMPANY, LLC","","PGM Surface Mine No. 1",2127840,2127840,"A4-Active, No coal removed","Bonded","Coal Surface Mine",806,-1,633.49,-999,2016-12-14,2006-12-14,"Fish and Wildlife Habitat/Recreation",NA,1,6,49,"https://apps.dep.wv.gov/WebApp/_dep/search/Permits/OMR/Permit_details.cfm?permit_id=S301405&dep_office_id=OMR&responsible_party_name=LEXINGTON COAL COMPANY, LLC",2127840,"[2404]",325.73143953,134276.448051,201414.672087,268552.896052,-1993563.551949,-1926425.327913,-1859287.103948
"S301806","LEXINGTON COAL COMPANY, LLC","","Spruce Run Surface Mine",1031040,1031040,"A4-Active, No coal removed","Bonded","Coal Surface Mine",357.6,29.5,357.6,119.7,2027-10-29,2007-10-29,"Fish and Wildlife Habitat/Recreation",NA,1,8,25,"https://apps.dep.wv.gov/WebApp/_dep/search/Permits/OMR/Permit_details.cfm?permit_id=S301806&dep_office_id=OMR&responsible_party_name=LEXINGTON COAL COMPANY, LLC",1031040,"[2419]",207.1189686,103970.8713,155956.30694,207941.74262,-927069.1287,-875083.69306,-823098.25738
"S304589","LEXINGTON COAL COMPANY, LLC","SPARTAN MINING COMPANY","Big Creek Number 2",842000,842000,"AM-Active, Moving Coal","Bonded","Coal Surface Mine",841.77,0,638.55,-999,2015-08-07,1990-08-07,"Fish and Wildlife Habitat/Recreation",NA,1,4,69,"https://apps.dep.wv.gov/WebApp/_dep/search/Permits/OMR/Permit_details.cfm?permit_id=S304589&dep_office_id=OMR&responsible_party_name=LEXINGTON COAL COMPANY, LLC",842000,"[2377, 2380]",604.4103691,283219.92343,424829.88512,566439.84679,-558780.07657,-417170.11488,-275560.15321
"S301999","LEXINGTON COAL COMPANY, LLC","","Upper Big Branch Sur. Mine #1",1687200,1687200,"AM-Active, Moving Coal","Bonded","Coal Surface Mine",702.3,178.79,736.25,542.16,2026-05-07,2001-05-07,"Forestland",NA,1,3,51,"https://apps.dep.wv.gov/WebApp/_dep/search/Permits/OMR/Permit_details.cfm?permit_id=S301999&dep_office_id=OMR&responsible_party_name=LEXINGTON COAL COMPANY, LLC",1687200,"[2110]",636.88140318,263060.80551,394591.208275,526121.611,-1424139.19449,-1292608.791725,-1161078.389
"S302193","LEXINGTON COAL COMPANY, LLC","ALEX ENERGY INC","LILLY FORK SURFACE MINE",4665920,4665920,"AM-Active, Moving Coal","Bonded","Coal Surface Mine",1404.47,55.62,1334,843.88,2027-02-17,1995-05-12,"Rangeland",NA,1,6,78,"https://apps.dep.wv.gov/WebApp/_dep/search/Permits/OMR/Permit_details.cfm?permit_id=S302193&dep_office_id=OMR&responsible_party_name=LEXINGTON COAL COMPANY, LLC",4665920,"[2422, 2423, 2424]",888.59212375,578356.019577,867534.029407,1156712.0391,-4087563.980423,-3798385.970593,-3509207.9609
"S502007","LEXINGTON COAL COMPANY, LLC","","CRESCENT #2 SURFACE MINE",3280000,3280000,"IA-Approved inactive Status","Bonded","Coal Surface Mine",1160.3,350.13,1222.16,122.27,2028-11-13,2008-11-13,"Forestland",NA,1,18,83,"https://apps.dep.wv.gov/WebApp/_dep/search/Permits/OMR/Permit_details.cfm?permit_id=S502007&dep_office_id=OMR&responsible_party_name=LEXINGTON COAL COMPANY, LLC",3280000,"[2081, 2084, 2075]",1954.951809,659975.37055,989963.05578,1319950.741084,-2620024.62945,-2290036.94422,-1960049.258916
"S501608","LEXINGTON COAL COMPANY, LLC","","COON KNOB SURFACE MINE #1",1100000,1100000,"IA-Approved inactive Status","Bonded","Coal Surface Mine",219.04,46.4,219.04,0,2025-08-30,2010-08-30,"Forestland",NA,1,4,18,"https://apps.dep.wv.gov/WebApp/_dep/search/Permits/OMR/Permit_details.cfm?permit_id=S501608&dep_office_id=OMR&responsible_party_name=LEXINGTON COAL COMPANY, LLC",1100000,"[1745, 1771]",6150.28224643,2841837.890462,4262756.835559,5683675.780793,1741837.890462,3162756.835559,4583675.780793
"S502408","LEXINGTON COAL COMPANY, LLC","","TWILIGHT III-A SURFACE MINE",1075000,1075000,"NS-Not Started","Bonded","Coal Surface Mine",214.75,95.05,307.87,48.1,2027-03-30,2012-03-30,"Forestland",NA,1,7,43,"https://apps.dep.wv.gov/WebApp/_dep/search/Permits/OMR/Permit_details.cfm?permit_id=S502408&dep_office_id=OMR&responsible_party_name=LEXINGTON COAL COMPANY, LLC",1075000,"[2078, 2072]",1514.63878846,952948.887383,1429423.331128,1905897.774766,-122051.112617,354423.331128,830897.774766
"S504189","LEXINGTON COAL COMPANY, LLC","INDEPENDENCE COAL COMPANY INC",NA,0,0,"Phase III Release","Released","Coal Surface Mine",0,144.05,668,144.05,2020-12-12,1990-12-18,"Fish and Wildlife Habitat/Recreation",NA,1,-999,55,"https://apps.dep.wv.gov/WebApp/_dep/search/Permits/OMR/Permit_details.cfm?permit_id=S504189&dep_office_id=OMR&responsible_party_name=LEXINGTON COAL COMPANY, LLC",0,"[1546]",160.54583539,50003.27073,75004.9061,100006.54147,50003.27073,75004.9061,100006.54147
"S501307","LEXINGTON COAL COMPANY, LLC","","HORSEPEN HIGHWALL MINER NO. 1",0,0,"Phase III Release","Released","Coal Surface Mine",10.96,10.65,16.34,10.65,2014-01-20,2009-01-20,"Public Service",NA,1,-999,-999,"https://apps.dep.wv.gov/WebApp/_dep/search/Permits/OMR/Permit_details.cfm?permit_id=S501307&dep_office_id=OMR&responsible_party_name=LEXINGTON COAL COMPANY, LLC",0,"[1685, 1695, 1693]",919.53205399,544925.40548,817388.108174,1089850.811049,544925.40548,817388.108174,1089850.811049
"S306487","MAPLE COAL CO.","CYPRUS KANAWHA CORP","NO. 5 BLOCK AUGER MINE",0,0,"Phase III Release","Released","Coal Surface Mine",37.07,37.07,102.39,31.15,1997-11-05,1987-11-05,"Fish and Wildlife Habitat/Recreation",NA,1,-999,4,"https://apps.dep.wv.gov/WebApp/_dep/search/Permits/OMR/Permit_details.cfm?permit_id=S306487&dep_office_id=OMR&responsible_party_name=MAPLE COAL CO.",0,"[2301]",144.01006938,63413.67455,95120.51182,126827.34909,63413.67455,95120.51182,126827.34909
"S400198","MID-VOL COAL SALES, INC.","","Road Fork Surface Mine No. 3",113032,113032,"AM-Active, Moving Coal","Bonded","Coal Surface Mine",54.68,42,287,42,2014-12-17,1999-12-17,"Fish and Wildlife Habitat/Recreation",NA,1,-999,5,"https://apps.dep.wv.gov/WebApp/_dep/search/Permits/OMR/Permit_details.cfm?permit_id=S400198&dep_office_id=OMR&responsible_party_name=MID-VOL COAL SALES, INC.",113032,"[2241, 2237, 2239]",434.67671437,152097.504752,228146.25714,304195.0095,39065.504752,115114.25714,191163.0095
"S402089","MID-VOL COAL SALES, INC.","PRIME PROCESSING, INC.",NA,59000,59000,"AM-Active, Moving Coal","Bonded","Coal Surface Mine",51.48,0,185.16,0,2029-10-23,1989-10-23,"Forestland",NA,1,-999,16,"https://apps.dep.wv.gov/WebApp/_dep/search/Permits/OMR/Permit_details.cfm?permit_id=S402089&dep_office_id=OMR&responsible_party_name=MID-VOL COAL SALES, INC.",59000,"[2230]",94.4424879,41931.87487,62897.81231,83863.74975,-17068.12513,3897.81231,24863.74975
"S400906","MID-VOL COAL SALES, INC.","EXTRA ENERGY INC","Paradise Surface Mine",747360,747360,"AM-Active, Moving Coal","Bonded","Coal Surface Mine",345.63,88.36,361.9,126.77,2028-03-24,2008-03-24,"Forestland",NA,1,1,6,"https://apps.dep.wv.gov/WebApp/_dep/search/Permits/OMR/Permit_details.cfm?permit_id=S400906&dep_office_id=OMR&responsible_party_name=MID-VOL COAL SALES, INC.",747360,"[2145, 2167]",375.65859829,158168.40168,237252.60252,316336.8034,-589191.59832,-510107.39748,-431023.1966
"S400705","MID-VOL COAL SALES, INC.","","Eckman No. 2",1614720,1614720,"AM-Active, Moving Coal","Bonded","Coal Surface Mine",406,44.47,392.39,283.66,2027-02-05,2007-02-05,"Forestland",NA,1,-999,14,"https://apps.dep.wv.gov/WebApp/_dep/search/Permits/OMR/Permit_details.cfm?permit_id=S400705&dep_office_id=OMR&responsible_party_name=MID-VOL COAL SALES, INC.",1614720,"[2193]",202.10952117,85215.709487,127823.56423,170431.41897,-1529504.290513,-1486896.43577,-1444288.58103
"S403192","MID-VOL COAL SALES, INC.","PRIME PROCESSING, INC.",NA,891800,891800,"AM-Active, Moving Coal","Bonded","Coal Surface Mine",342.25,0,336.25,196.35,2028-10-15,1993-10-15,"Forestland",NA,1,-999,14,"https://apps.dep.wv.gov/WebApp/_dep/search/Permits/OMR/Permit_details.cfm?permit_id=S403192&dep_office_id=OMR&responsible_party_name=MID-VOL COAL SALES, INC.",891800,"[2181]",552.62628311,621396.64024,932094.960397,1242793.280656,-270403.35976,40294.960397,350993.280656
"S401091","MID-VOL COAL SALES, INC.","EXTRA ENERGY INC","ROAD FORK NO. 2 SURFACE MINE",0,0,"Phase III Release","Released","Coal Surface Mine",363.45,187.53,344.67,187.53,2001-10-31,1991-10-31,"Forestland",NA,1,-999,15,"https://apps.dep.wv.gov/WebApp/_dep/search/Permits/OMR/Permit_details.cfm?permit_id=S401091&dep_office_id=OMR&responsible_party_name=MID-VOL COAL SALES, INC.",0,"[2229]",516.62990498,233796.40604,350694.60907,467592.81209,233796.40604,350694.60907,467592.81209
"S501397","MINGO LOGAN COAL COMPANY","EAGLE CREEK MINING LLC","SPRUCE NO. 1 MINE",0,0,"Phase III Release","Released","Coal Surface Mine",1728.99,181.4,3113,148.94,2024-10-29,1998-11-04,"Fish and Wildlife Habitat/Recreation",NA,1,-999,11,"https://apps.dep.wv.gov/WebApp/_dep/search/Permits/OMR/Permit_details.cfm?permit_id=S501397&dep_office_id=OMR&responsible_party_name=MINGO LOGAN COAL LLC",0,"[1878]",258.29610182,117593.75584,176390.63377,235187.51167,117593.75584,176390.63377,235187.51167
"S507986","MOUNTAIN EAGLE MINING, LLC","","EAST RUFFNER MINE",2550840,2550840,"NS-Not Started","Bonded","Coal Surface Mine",731.12,720.02,546.2,677.62,2021-12-17,1986-12-17,"Hayland or Pasture",NA,1,4,63,"https://apps.dep.wv.gov/WebApp/_dep/search/Permits/OMR/Permit_details.cfm?permit_id=S507986&dep_office_id=OMR&responsible_party_name=MOUNTAIN EAGLE MINING, LLC",2550840,"[1858]",212.559303,106456.56162,159684.84243,212913.1233,-2444383.43838,-2391155.15757,-2337926.8767
"S400897","MOUNTAIN EMPIRE LEASING, INC.","C F & B COAL WORKS INC","TURNHOLE BRANCH AUGER NO. 1",0,0,"Phase III Release","Released","Coal Surface Mine",11.48,3.94,11.48,1.99,2002-10-06,1997-10-06,"Combined","Fish and Wildlife Habitat/Recreation",1,-999,2,"https://apps.dep.wv.gov/WebApp/_dep/search/Permits/OMR/Permit_details.cfm?permit_id=S400897&dep_office_id=OMR&responsible_party_name=MOUNTAIN EMPIRE LEASING, INC.",0,"[2162]",92.0583827,41817.99446,62726.99169,83635.98892,41817.99446,62726.99169,83635.98892
"S003082","MOUNTAIN VIEW COAL COMPANY","CONTINENTAL AUGERING INC",NA,0,0,"Phase III Release","Released","Coal Surface Mine",466,92.36,466,92.36,1997-08-19,1982-08-19,"Forestland","Fish and Wildlife Habitat/Recreation",1,-999,1,"https://apps.dep.wv.gov/WebApp/_dep/search/Permits/OMR/Permit_details.cfm?permit_id=S003082&dep_office_id=OMR&responsible_party_name=MOUNTAIN VIEW COAL COMPANY",0,"[2092]",189.92722467,104557.16559,156835.74843,209114.33114,104557.16559,156835.74843,209114.33114
"S301411","NEWGATE DEVELOPMENT OF BECKLEY LLC","","Three Marie Mine",237360,237360,"A4-Active, No coal removed","Bonded","Coal Surface Mine",197.72,40.36,172,0,2027-12-06,2012-12-06,"Forestland",NA,1,9,30,"https://apps.dep.wv.gov/WebApp/_dep/search/Permits/OMR/Permit_details.cfm?permit_id=S301411&dep_office_id=OMR&responsible_party_name=NEWGATE DEVELOPMENT OF BECKLEY LLC",237360,"[2328]",351.60574189,229972.51264,344958.76898,459945.0253,-7387.48736,107598.76898,222585.0253
"S300295","NICHOLAS CONTURA, LLC","HANOVER RESOURCES, LLC","PAX SURFACE MINE #3",2079360,2079360,"A4-Active, No coal removed","Bonded","Coal Surface Mine",875.49,538.47,627.91,362.65,2026-02-09,1996-02-09,"Forestland",NA,1,2,39,"https://apps.dep.wv.gov/WebApp/_dep/search/Permits/OMR/Permit_details.cfm?permit_id=S300295&dep_office_id=OMR&responsible_party_name=NICHOLAS CONTURA, LLC",2079360,"[2352]",96.37383199,75312.62167,112968.93251,150625.24334,-2004047.37833,-1966391.06749,-1928734.75666
"S303593","PANTHER CREEK MINING, LLC","WCA, INC","STANLEY HERITAGE SURFACE MINE",509000,509000,"AM-Active, Moving Coal","Bonded","Coal Surface Mine",1157.71,11,1162.8,11,2020-05-11,1995-05-11,"Forestland","Fish and Wildlife Habitat/Recreation",1,3,43,"https://apps.dep.wv.gov/WebApp/_dep/search/Permits/OMR/Permit_details.cfm?permit_id=S303593&dep_office_id=OMR&responsible_party_name=PANTHER CREEK MINING, LLC",509000,"[2250]",130.10082,35193.48871,52790.23307,70386.97743,-473806.51129,-456209.76693,-438613.02257
"S301502","PANTHER CREEK MINING, LLC","WCA, INC","Pine Tree Flats Surface Mine",1745000,1745000,"A4-Active, No coal removed","Bonded","Coal Surface Mine",348.49,193.98,334,98.92,2025-11-29,2005-11-29,"Fish and Wildlife Habitat/Recreation","Forestland",1,2,14,"https://apps.dep.wv.gov/WebApp/_dep/search/Permits/OMR/Permit_details.cfm?permit_id=S301502&dep_office_id=OMR&responsible_party_name=PANTHER CREEK MINING, LLC",1745000,"[2203, 2212]",384.22182996,300515.80342,450773.70511,601031.60686,-1444484.19658,-1294226.29489,-1143968.39314
"S300600","PANTHER CREEK MINING, LLC","","Wildcat Surface Mine",385000,385000,"A4-Active, No coal removed","Bonded","Coal Surface Mine",374.9,16.48,762.04,287.32,2019-01-23,2004-01-23,"Fish and Wildlife Habitat/Recreation",NA,1,2,18,"https://apps.dep.wv.gov/WebApp/_dep/search/Permits/OMR/Permit_details.cfm?permit_id=S300600&dep_office_id=OMR&responsible_party_name=PANTHER CREEK MINING, LLC",385000,"[2130]",401.74164989,241125.281252,361687.921907,482250.562533,-143874.718748,-23312.078093,97250.562533
"S300795","PANTHER CREEK MINING, LLC","","SYCAMORE NORTH MINE",3189000,3189000,"A4-Active, No coal removed","Bonded","Coal Surface Mine",717.71,551.88,657.06,37.09,2026-08-26,1996-08-26,"Fish and Wildlife Habitat/Recreation",NA,1,6,66,"https://apps.dep.wv.gov/WebApp/_dep/search/Permits/OMR/Permit_details.cfm?permit_id=S300795&dep_office_id=OMR&responsible_party_name=PANTHER CREEK MINING, LLC",3189000,"[2307, 2308, 2310]",1388.99785542,982153.843234,1473230.764909,1964307.686469,-2206846.156766,-1715769.235091,-1224692.313531
"S300108","PANTHER CREEK MINING, LLC","","Joes Creek Surface Mine",7140000,7140000,"A4-Active, No coal removed","Bonded","Coal Surface Mine",1719.92,471.18,1655.2,20.55,2027-12-06,2012-12-06,"Forestland",NA,1,-999,9,"https://apps.dep.wv.gov/WebApp/_dep/search/Permits/OMR/Permit_details.cfm?permit_id=S300108&dep_office_id=OMR&responsible_party_name=PANTHER CREEK MINING, LLC",7140000,"[2121, 2133]",330.34798482,181259.570005,271889.35504,362519.14002,-6958740.429995,-6868110.64496,-6777480.85998
"S300415","PANTHER CREEK MINING, LLC","","Laurel Fork Contour Surface Mine",1025000,1025000,"A4-Active, No coal removed","Bonded","Coal Surface Mine",202.25,62.79,157,2.03,2026-03-30,2016-03-30,"Forestland",NA,1,-999,14,"https://apps.dep.wv.gov/WebApp/_dep/search/Permits/OMR/Permit_details.cfm?permit_id=S300415&dep_office_id=OMR&responsible_party_name=PANTHER CREEK MINING, LLC",1025000,"[2195]",400.42038355,235362.837073,353044.2556,470725.67427,-789637.162927,-671955.7444,-554274.32573
"S302390","PANTHER CREEK MINING, LLC","WCA, INC",NA,1422720,1422720,"AM-Active, Moving Coal","Bonded","Coal Surface Mine",453.9,447.41,498.72,0,2026-07-15,1991-07-15,"Fish and Wildlife Habitat/Recreation",NA,1,-999,21,"https://apps.dep.wv.gov/WebApp/_dep/search/Permits/OMR/Permit_details.cfm?permit_id=S302390&dep_office_id=OMR&responsible_party_name=PANTHER CREEK MINING, LLC",1422720,"[2232, 2228, 2219]",1279.47977088,788010.145917,1182015.218842,1576020.291933,-634709.854083,-240704.781158,153300.291933
"S302607","PANTHER CREEK MINING, LLC","CATENARY COAL COMPANY LLC","Threemile Surface Mine",4869000,4869000,"AM-Active, Moving Coal","Bonded","Coal Surface Mine",1112.54,209.48,1132.72,465.13,2028-10-23,2008-10-23,"Forestland",NA,1,1,26,"https://apps.dep.wv.gov/WebApp/_dep/search/Permits/OMR/Permit_details.cfm?permit_id=S302607&dep_office_id=OMR&responsible_party_name=PANTHER CREEK MINING, LLC",4869000,"[2149, 2146, 2150, 2155, 2169, 2141]",1723.7592097,1318305.113374,1977457.669931,2636610.226791,-3550694.886626,-2891542.330069,-2232389.773209
"S302107","PANTHER CREEK MINING, LLC","WCA, INC","Longbottom Surface Mine",68000,68000,"AM-Active, Moving Coal","Bonded","Coal Surface Mine",42.43,42.43,70.26,25.72,2018-08-01,2008-08-01,"Forestland",NA,1,1,11,"https://apps.dep.wv.gov/WebApp/_dep/search/Permits/OMR/Permit_details.cfm?permit_id=S302107&dep_office_id=OMR&responsible_party_name=PANTHER CREEK MINING, LLC",68000,"[2172, 2175]",334.11824097,205630.377682,308445.566503,411260.755334,137630.377682,240445.566503,343260.755334
"S602089","PANTHER CREEK MINING, LLC","","SYCAMORE SO. SUR. MINE",2384080,2384080,"NS-Not Started","Bonded","Coal Surface Mine",634.49,151.18,1219.92,478.65,2029-12-13,1989-12-13,"Fish and Wildlife Habitat/Recreation",NA,1,1,68,"https://apps.dep.wv.gov/WebApp/_dep/search/Permits/OMR/Permit_details.cfm?permit_id=S602089&dep_office_id=OMR&responsible_party_name=PANTHER CREEK MINING, LLC",2384080,"[2316]",81.44414458,111997.2878,167995.9317,223994.5755,-2272082.7122,-2216084.0683,-2160085.4245
"S006776","PEACH CREEK PROCESSING COMPANY","BLUE KNOB MINING INC",NA,0,0,"Closed","Not Bonded","Coal Surface Mine",0,-999,95,-999,1981-03-05,1976-03-05,NA,NA,1,-999,-999,"https://apps.dep.wv.gov/WebApp/_dep/search/Permits/OMR/Permit_details.cfm?permit_id=S006776&dep_office_id=OMR&responsible_party_name=PEACH CREEK PROCESSING COMPANY",0,"[1702]",220.7202697,51058.65402,76587.98102,102117.30803,51058.65402,76587.98102,102117.30803
"S301013","POCAHONTAS COAL COMPANY LLC","","Devil's Fork Highwall Mine No. 2",382152,382152,"A4-Active, No coal removed","Bonded","Coal Surface Mine",359.46,63.73,217.6,236.73,2029-09-30,2014-09-30,"Forestland",NA,1,1,6,"https://apps.dep.wv.gov/WebApp/_dep/search/Permits/OMR/Permit_details.cfm?permit_id=S301013&dep_office_id=OMR&responsible_party_name=POCAHONTAS COAL COMPANY LLC",382152,"[2342]",154.24533879,49054.391162,73581.586737,98108.782313,-333097.608838,-308570.413263,-284043.217687
"S302007","POCAHONTAS COAL COMPANY LLC","","Tommy Creek Mine No. 3",272136,272136,"AM-Active, Moving Coal","Bonded","Coal Surface Mine",289.22,0,340.97,221.03,2024-03-12,2009-03-12,"Forestland",NA,1,-999,7,"https://apps.dep.wv.gov/WebApp/_dep/search/Permits/OMR/Permit_details.cfm?permit_id=S302007&dep_office_id=OMR&responsible_party_name=POCAHONTAS COAL COMPANY LLC",272136,"[2363]",259.9346849,92563.39138,138845.08708,185126.78272,-179572.60862,-133290.91292,-87009.21728
"S502708","POWDERMILL PROCESSING, INC.","","POWDERMILL BRANCH SURFACE MINE",0,0,"Forfeited","Forfeited","Coal Surface Mine",97.63,0,124,0,2022-01-18,2012-01-18,"Forestland",NA,1,14,19,"https://apps.dep.wv.gov/WebApp/_dep/search/Permits/OMR/Permit_details.cfm?permit_id=S502708&dep_office_id=OMR&responsible_party_name=POWDERMILL PROCESSING, INC.",0,"[1156]",285.50901127,97591.770075,146387.655112,195183.54017,97591.770075,146387.655112,195183.54017
"S005384","POWER MOUNTAIN CONTURA, LLC","HIGH POWER ENERGY",NA,250800,250800,"A4-Active, No coal removed","Bonded","Coal Surface Mine",301.66,202.85,140,98.81,2029-08-03,1984-08-03,"Forestland",NA,1,1,18,"https://apps.dep.wv.gov/WebApp/_dep/search/Permits/OMR/Permit_details.cfm?permit_id=S005384&dep_office_id=OMR&responsible_party_name=POWER MOUNTAIN CONTURA, LLC",250800,"[2417]",239.87653201,167872.61244,251808.91861,335745.22485,-82927.38756,1008.91860999999,84945.22485
"S600287","PRINCESS SUSAN COAL COMPANY","",NA,0,0,"Forfeited","Forfeited","Coal Surface Mine",0,-999,167,-999,1996-04-07,1987-04-07,NA,NA,1,10,21,"https://apps.dep.wv.gov/WebApp/_dep/search/Permits/OMR/Permit_details.cfm?permit_id=S600287&dep_office_id=OMR&responsible_party_name=PRINCESS SUSAN COAL COMPANY",0,"[2287]",204.43070239,74329.171614,111493.757411,148658.343217,74329.171614,111493.757411,148658.343217
"S400403","RAMACO RESOURCES, LLC","MIRACLE MINING INC","Amonate Auger No. 2",639360,639360,"AM-Active, Moving Coal","Bonded","Coal Surface Mine",221.53,69.16,154.65,83.61,2028-11-21,2003-11-21,"Fish and Wildlife Habitat/Recreation","Forestland",1,-999,8,"https://apps.dep.wv.gov/WebApp/_dep/search/Permits/OMR/Permit_details.cfm?permit_id=S400403&dep_office_id=OMR&responsible_party_name=RAMACO RESOURCES, LLC",639360,"[2061]",147.2495165,46883.32438,70324.98656,93766.64876,-592476.67562,-569035.01344,-545593.35124
"S500803","RAVEN CREST CONTRACTING, LLC","BUNDY AUGER MINING, INC.","Boone North No. 2 Surface Mine",1638756,1638756,"AQ-Active Quarry","Bonded","Coal Surface Mine",891.91,49,861.9,49,2019-10-14,2004-10-14,"Forestland","Fish and Wildlife Habitat/Recreation",1,3,72,"https://apps.dep.wv.gov/WebApp/_dep/search/Permits/OMR/Permit_details.cfm?permit_id=S500803&dep_office_id=OMR&responsible_party_name=RAVEN CREST CONTRACTING, LLC",1638756,"[1976, 1980]",514.34157582,257783.55206,386675.328129,515567.104088,-1380972.44794,-1252080.671871,-1123188.895912
"S500608","RAVEN CREST CONTRACTING, LLC","","BOONE NORTH #5 SURFACE MINE",4105000,4105000,"AM-Active, Moving Coal","Bonded","Coal Surface Mine",1141,663.41,724.48,387.97,2029-09-03,2009-09-03,"Forestland",NA,1,4,61,"https://apps.dep.wv.gov/WebApp/_dep/search/Permits/OMR/Permit_details.cfm?permit_id=S500608&dep_office_id=OMR&responsible_party_name=RAVEN CREST CONTRACTING, LLC",4105000,"[2019]",634.54682328,365287.80923,547931.71375,730575.61846,-3739712.19077,-3557068.28625,-3374424.38154
"S501701","RAVEN CREST CONTRACTING, LLC","","BOONE NORTH NO. 1 SURFACE MINE",370000,370000,"IA-Approved inactive Status","Bonded","Coal Surface Mine",127.15,59.55,616.24,31.01,2027-08-09,2002-08-09,"Forestland",NA,1,-999,59,"https://apps.dep.wv.gov/WebApp/_dep/search/Permits/OMR/Permit_details.cfm?permit_id=S501701&dep_office_id=OMR&responsible_party_name=RAVEN CREST CONTRACTING, LLC",370000,"[1957]",224.30423853,147441.582683,221162.37402,294883.165357,-222558.417317,-148837.62598,-75116.834643
"S001078","REFLECTANCE ENERGY, LLC","FORECAST LEASING, INC","Skillet Creek Surface Mine",890720,890720,"A4-Active, No coal removed","Bonded","Coal Surface Mine",292.74,2,360,0,2027-08-07,1978-01-16,"Hayland or Pasture","Residential",1,-999,16,"https://apps.dep.wv.gov/WebApp/_dep/search/Permits/OMR/Permit_details.cfm?permit_id=S001078&dep_office_id=OMR&responsible_party_name=REFLECTANCE ENERGY, LLC",890720,"[1822]",272.61406433,146544.298146,219816.447244,293088.596313,-744175.701854,-670903.552756,-597631.403687
"S300115","REPUBLIC ENERGY, LLC","","Long Ridge #1 Surface Mine",1979920,1979920,"A4-Active, No coal removed","Bonded","Coal Surface Mine",864.05,330.24,847.16,115.58,2026-12-21,2016-12-21,"Forestland",NA,1,-999,6,"https://apps.dep.wv.gov/WebApp/_dep/search/Permits/OMR/Permit_details.cfm?permit_id=S300115&dep_office_id=OMR&responsible_party_name=REPUBLIC ENERGY, LLC",1979920,"[2296]",125.8687835,32248.43774,48372.65661,64496.87549,-1947671.56226,-1931547.34339,-1915423.12451
"S300101","REPUBLIC ENERGY, LLC","","Republic No. 2 Surface Mine",1424800,1424800,"A4-Active, No coal removed","Bonded","Coal Surface Mine",952.06,49.5,917.96,615.06,2028-10-06,2003-10-06,"Forestland",NA,1,-999,20,"https://apps.dep.wv.gov/WebApp/_dep/search/Permits/OMR/Permit_details.cfm?permit_id=S300101&dep_office_id=OMR&responsible_party_name=REPUBLIC ENERGY, LLC",1424800,"[2288]",189.44868243,81237.63293,121856.4494,162475.26584,-1343562.36707,-1302943.5506,-1262324.73416
"S300316","REPUBLIC ENERGY, LLC","","Center Contour Surface Mine",1331140,1331140,"A4-Active, No coal removed","Bonded","Coal Surface Mine",561.43,-999,561.43,-999,2024-11-13,2019-11-13,"Forestland",NA,1,-999,-999,"https://apps.dep.wv.gov/WebApp/_dep/search/Permits/OMR/Permit_details.cfm?permit_id=S300316&dep_office_id=OMR&responsible_party_name=REPUBLIC ENERGY, LLC",1331140,"[2277]",129.9730655,42474.89731,63712.34596,84949.79462,-1288665.10269,-1267427.65404,-1246190.20538
"S301712","REPUBLIC ENERGY, LLC","","Middle Ridge Surface Mine",3145000,3145000,"A4-Active, No coal removed","Bonded","Coal Surface Mine",799.05,318.92,800.71,355.57,2029-03-24,2014-03-24,"Forestland",NA,1,-999,13,"https://apps.dep.wv.gov/WebApp/_dep/search/Permits/OMR/Permit_details.cfm?permit_id=S301712&dep_office_id=OMR&responsible_party_name=REPUBLIC ENERGY, LLC",3145000,"[2282]",1235.04838354,367156.001875,550734.002783,734312.0037,-2777843.998125,-2594265.997217,-2410687.9963
"S302500","REPUBLIC ENERGY, LLC","ELK RUN COAL COMPANY INC","Republic No. 1 Surface Mine",2955000,2955000,"AM-Active, Moving Coal","Bonded","Coal Surface Mine",874.62,198.6,990,370.61,2028-10-06,2003-10-06,"Forestland",NA,1,-999,10,"https://apps.dep.wv.gov/WebApp/_dep/search/Permits/OMR/Permit_details.cfm?permit_id=S302500&dep_office_id=OMR&responsible_party_name=REPUBLIC ENERGY, LLC",2955000,"[2256]",121.1595318,47684.7377,71527.10656,95369.47541,-2907315.2623,-2883472.89344,-2859630.52459
"S302195","REPUBLIC ENERGY, LLC","ELK RUN COAL COMPANY INC","EAGLE LAND NO. 1 SUR. MINE",4675000,4675000,"AM-Active, Moving Coal","Bonded","Coal Surface Mine",1378.39,193.34,2840.13,439.89,2027-08-20,1997-08-20,"Rangeland",NA,1,1,24,"https://apps.dep.wv.gov/WebApp/_dep/search/Permits/OMR/Permit_details.cfm?permit_id=S302195&dep_office_id=OMR&responsible_party_name=REPUBLIC ENERGY, LLC",4675000,"[2278]",227.0439332,77170.71501,115756.07251,154341.43001,-4597829.28499,-4559243.92749,-4520658.56999
"S300407","RESERVE RESOURCE PARTNERS, INC.","","Muddlety Surface Mine No. 1",145000,145000,"A4-Active, No coal removed","Bonded","Coal Surface Mine",164.7,0,398.26,0,2020-01-06,2010-01-06,"Forestland",NA,1,4,4,"https://apps.dep.wv.gov/WebApp/_dep/search/Permits/OMR/Permit_details.cfm?permit_id=S300407&dep_office_id=OMR&responsible_party_name=RESERVE RESOURCE PARTNERS, INC.",145000,"[2431]",397.32395845,228044.2787,342066.41802,456088.55736,83044.2787,197066.41802,311088.55736
"S301705","RESILIENT MINING LLC","","Glenco Hollow Surface Mine",908560,908560,"A4-Active, No coal removed","Bonded","Coal Surface Mine",569.2,24.49,534.1,241.95,2027-08-30,2007-08-30,"Fish and Wildlife Habitat/Recreation",NA,1,8,46,"https://apps.dep.wv.gov/WebApp/_dep/search/Permits/OMR/Permit_details.cfm?permit_id=S301705&dep_office_id=OMR&responsible_party_name=RESILIENT MINING LLC",908560,"[2371]",286.08298263,56697.400638,85046.100963,113394.80128,-851862.599362,-823513.899037,-795165.19872
"S301601","RESILIENT MINING LLC","FRASURE CREEK MINING, LLC","Open Fork Surface Mine",2716520,2716520,"A4-Active, No coal removed","Bonded","Coal Surface Mine",591.72,65.61,509.05,442.91,2029-01-07,2004-01-07,"Forestland",NA,1,14,87,"https://apps.dep.wv.gov/WebApp/_dep/search/Permits/OMR/Permit_details.cfm?permit_id=S301601&dep_office_id=OMR&responsible_party_name=RESILIENT MINING LLC",2716520,"[2379]",154.95402295,144906.330738,217359.496006,289812.661375,-2571613.669262,-2499160.503994,-2426707.338625
"S303807","RESILIENT MINING LLC","","Taylor Branch Surface Mine",805000,805000,"AM-Active, Moving Coal","Bonded","Coal Surface Mine",243.78,105.54,321.5,44.84,2029-12-14,2009-12-14,"Fish and Wildlife Habitat/Recreation",NA,1,15,38,"https://apps.dep.wv.gov/WebApp/_dep/search/Permits/OMR/Permit_details.cfm?permit_id=S303807&dep_office_id=OMR&responsible_party_name=RESILIENT MINING LLC",805000,"[2384, 2383, 2382, 2381]",1219.49639021,645927.9957638,968891.993581,1291855.991486,-159072.0042362,163891.993581,486855.991486
"H022400","ROCKWELL MINING, LLC","ED COAL INC","HAULROAD",37000,37000,"A2-Active, Reclamation only","Bonded","Other - Haulroad Only",26.99,254.93,238,160.88,2026-11-15,1976-07-29,"Fish and Wildlife Habitat/Recreation",NA,1,2,13,"https://apps.dep.wv.gov/WebApp/_dep/search/Permits/OMR/Permit_details.cfm?permit_id=H022400&dep_office_id=OMR&responsible_party_name=ROCKWELL MINING, LLC",37000,"[2028]",123.6952279,41055.01225,61582.51837,82110.0245,4055.01225,24582.51837,45110.0245
"S400508","ROCKWELL MINING, LLC","","Huff Creek Surface Mine No. 1",4320000,4320000,"AM-Active, Moving Coal","Bonded","Coal Surface Mine",862.9,471.3,745,84.6,2027-01-03,2012-01-03,"Fish and Wildlife Habitat/Recreation",NA,1,5,34,"https://apps.dep.wv.gov/WebApp/_dep/search/Permits/OMR/Permit_details.cfm?permit_id=S400508&dep_office_id=OMR&responsible_party_name=ROCKWELL MINING, LLC",4320000,"[2036, 2042]",2590.51314972,1802233.2021274,2703349.803507,3604466.404534,-2517766.7978726,-1616650.196493,-715533.595466
"S500613","ROCKWELL MINING, LLC","","Eagle Surface Mine",51200,51200,"AM-Active, Moving Coal","Bonded","Coal Surface Mine",142.03,148.05,436.6,90.09,2024-12-23,2014-12-23,"Forestland",NA,1,-999,11,"https://apps.dep.wv.gov/WebApp/_dep/search/Permits/OMR/Permit_details.cfm?permit_id=S500613&dep_office_id=OMR&responsible_party_name=ROCKWELL MINING, LLC",51200,"[2211]",414.65291255,230476.93858,345715.40786,460953.87717,179276.93858,294515.40786,409753.87717
"S307686","ROYAL SCOT MINERALS, INC.","BRYANT MINING CO INC",NA,0,0,"Forfeited","Forfeited","Coal Surface Mine",486,-999,486,-999,2001-12-09,1986-12-09,"Fish and Wildlife Habitat/Recreation",NA,1,10,23,"https://apps.dep.wv.gov/WebApp/_dep/search/Permits/OMR/Permit_details.cfm?permit_id=S307686&dep_office_id=OMR&responsible_party_name=ROYAL SCOT MINERALS, INC.",0,"[2439]",150.88836555,40746.004911,61119.007371,81492.009818,40746.004911,61119.007371,81492.009818
"S500104","RUM CREEK COAL SALES, INC.","MOUNTAIN RECLAMATION AND CONSTRUCTION LLC","ANNA BRANCH #2 SURFACE MINE",0,0,"Phase III Release","Released","Coal Surface Mine",0,96.2,59,96.2,2014-04-14,2004-04-14,"Forestland",NA,1,-999,15,"https://apps.dep.wv.gov/WebApp/_dep/search/Permits/OMR/Permit_details.cfm?permit_id=S500104&dep_office_id=OMR&responsible_party_name=RUM CREEK COAL SALES, INC.",0,"[1803]",158.65444405,41199.90004,61799.85006,82399.80008,41199.90004,61799.85006,82399.80008
"S001982","S & K CORPORATION","",NA,0,0,"Forfeited","Forfeited","Coal Surface Mine",0,-999,50,-999,1987-02-11,1982-02-11,NA,NA,1,-999,-999,"https://apps.dep.wv.gov/WebApp/_dep/search/Permits/OMR/Permit_details.cfm?permit_id=S001982&dep_office_id=OMR&responsible_party_name=S & K CORPORATION",0,"[2394]",249.98575345,173260.63573,259890.95363,346521.27153,173260.63573,259890.95363,346521.27153
"S401809","SOUTHERN MINERALS, INC.","","Upper Shannon Branch Mine No.2",268320,268320,"AM-Active, Moving Coal","Bonded","Coal Surface Mine",68.78,18.72,153.02,55.88,2027-01-18,2012-01-18,"Public Service","Forestland",1,-999,17,"https://apps.dep.wv.gov/WebApp/_dep/search/Permits/OMR/Permit_details.cfm?permit_id=S401809&dep_office_id=OMR&responsible_party_name=SOUTHERN MINERALS, INC.",268320,"[2074]",392.43424114,177733.1090894,266599.6636486,355466.218179,-90586.8909106,-1720.33635140001,87146.218179
"S301299","SUNDIAL MINING, LLC","","Edwight Surface Mine",10630000,10630000,"A4-Active, No coal removed","Bonded","Coal Surface Mine",2123.43,301.7,1847.35,1379,2028-10-03,2003-10-03,"Forestland","Commercial Forestry",1,1,68,"https://apps.dep.wv.gov/WebApp/_dep/search/Permits/OMR/Permit_details.cfm?permit_id=S301299&dep_office_id=OMR&responsible_party_name=SUNDIAL MINING, LLC",10630000,"[2123, 2124, 2159, 2128, 2135, 2161, 2154, 2144, 2152, 2151]",5886.7760541,3038374.402352,4557561.603467,6076748.804952,-7591625.597648,-6072438.396533,-4553251.195048
"S401610","TRIPLE 7 COMMODITIES INC","","Totten Ridge Surface Mine No. 1",251160,251160,"AM-Active, Moving Coal","Bonded","Coal Surface Mine",271.83,90.58,273,0,2023-07-29,2013-07-29,"Forestland",NA,1,11,20,"https://apps.dep.wv.gov/WebApp/_dep/search/Permits/OMR/Permit_details.cfm?permit_id=S401610&dep_office_id=OMR&responsible_party_name=TRIPLE 7 COMMODITIES INC",251160,"[2253]",132.8005058,59438.46197,89157.69295,118876.9239,-191721.53803,-162002.30705,-132283.0761
"S300405","TYLER MORGAN, L.L.C.","","Fourmile Fk Surface Mine No. 2",2873240,2873240,"A4-Active, No coal removed","Bonded","Coal Surface Mine",818.81,279.47,640.18,280.97,2026-07-13,2006-07-13,"Industrial / Commercial","Public Service",1,16,75,"https://apps.dep.wv.gov/WebApp/_dep/search/Permits/OMR/Permit_details.cfm?permit_id=S300405&dep_office_id=OMR&responsible_party_name=TYLER MORGAN, L.L.C.",2873240,"[2263, 2266, 2268, 2272, 2261]",4362.61105134,4131471.478574,6197207.217956,8262942.957299,1258231.478574,3323967.217956,5389702.957299
"S507792","WHITE FLAME ENERGY, INC.","ADDINGTON ENTERPRISES INC","WHITE FLAME NO. 4",0,0,"Phase III Release","Released","Coal Surface Mine",673.04,586.04,915,586.04,1999-03-01,1994-03-01,"Commercial Woodland",NA,1,-999,26,"https://apps.dep.wv.gov/WebApp/_dep/search/Permits/OMR/Permit_details.cfm?permit_id=S507792&dep_office_id=OMR&responsible_party_name=WHITE FLAME ENERGY, INC.",0,"[1720]",417.0500275,248316.18284,372474.27419,496632.36564,248316.18284,372474.27419,496632.36564
"S504888","WIND RIVER RESOURCES CORP.","KINLOCH MINING CO., INC",NA,0,0,"Phase III Release","Released","Coal Surface Mine",0,307.72,374.63,307.72,1998-10-20,1988-10-20,"Fish and Wildlife Habitat/Recreation",NA,1,4,40,"https://apps.dep.wv.gov/WebApp/_dep/search/Permits/OMR/Permit_details.cfm?permit_id=S504888&dep_office_id=OMR&responsible_party_name=WIND RIVER RESOURCES CORP.",0,"[1925, 1903, 1893]",816.72112273,383884.315128,575826.47266,767768.63014,383884.315128,575826.47266,767768.63014
"S200995","WV RECLAIM CO, LLC","ROLLING S AUGERING LLC","SURFACE MINE NO. 3",1665500,1665500,"A4-Active, No coal removed","Bonded","Coal Surface Mine",1739.59,201.7,1619.36,1409.4,2021-05-13,1996-05-13,"Hayland or Pasture","Combined",1,-999,63,"https://apps.dep.wv.gov/WebApp/_dep/search/Permits/OMR/Permit_details.cfm?permit_id=S200995&dep_office_id=OMR&responsible_party_name=WV RECLAIM CO, LLC",1665500,"[2403]",103.1676662,41183.29484,61774.94225,82366.58967,-1624316.70516,-1603725.05775,-1583133.41033
"S201298","WV RECLAIM CO, LLC","ROLLING S AUGERING LLC","IKE FORK NO. 1 SURFACE MINE",3587440,3587440,"A4-Active, No coal removed","Bonded","Coal Surface Mine",539,364.5,385.7,174.1,2026-07-30,2001-07-30,"Forestland","Commercial Woodland",1,4,23,"https://apps.dep.wv.gov/WebApp/_dep/search/Permits/OMR/Permit_details.cfm?permit_id=S201298&dep_office_id=OMR&responsible_party_name=WV RECLAIM CO, LLC",3587440,"[2409, 2413, 2410]",959.10542464,565068.696638,847603.044993,1130137.393207,-3022371.303362,-2739836.955007,-2457302.606793
"O300500","WV RECLAIM CO, LLC","","Sugarcamp Loadout",17000,17000,"A3-Active, Reclaimed","Bonded","Other - Haulroad Only",16.77,16.77,19.02,4.75,2026-07-18,2001-07-18,"Forestland",NA,1,-999,9,"https://apps.dep.wv.gov/WebApp/_dep/search/Permits/OMR/Permit_details.cfm?permit_id=O300500&dep_office_id=OMR&responsible_party_name=WV RECLAIM CO, LLC",17000,"[2387]",129.1489178,51629.60593,77444.4089,103259.2119,34629.60593,60444.4089,86259.2119
"S300400","WV RECLAIM CO, LLC","BUNDY AUGER MINING, INC.","Bridge Fork Surface Mine",343000,343000,"A4-Active, No coal removed","Bonded","Coal Surface Mine",343,311.43,320.5,-999,2011-06-19,2001-06-19,"Forestland",NA,1,4,82,"https://apps.dep.wv.gov/WebApp/_dep/search/Permits/OMR/Permit_details.cfm?permit_id=S300400&dep_office_id=OMR&responsible_party_name=WV RECLAIM CO, LLC",343000,"[2388, 2389, 2386, 2390]",785.02223052,288074.619467,432111.92918,576149.23889,-54925.380533,89111.92918,233149.23889
"S300301","WV RECLAIM CO, LLC","BUNDY AUGER MINING, INC.","Bridge Fork West Surface Mine",582000,582000,"A4-Active, No coal removed","Bonded","Coal Surface Mine",463.8,290.7,485,290.7,2014-01-21,2004-01-21,"Forestland",NA,1,2,42,"https://apps.dep.wv.gov/WebApp/_dep/search/Permits/OMR/Permit_details.cfm?permit_id=S300301&dep_office_id=OMR&responsible_party_name=WV RECLAIM CO, LLC",582000,"[2385]",143.91467841,45746.24906,68619.37359,91492.49812,-536253.75094,-513380.62641,-490507.50188
"S200502","WV RECLAIM CO, LLC","ROLLING S AUGERING LLC","Surface Mine No. 4A",6276280,6276280,"A4-Active, No coal removed","Bonded","Coal Surface Mine",1759.63,6.62,1743.08,1180.99,2018-06-03,2003-06-03,"Forestland",NA,1,4,40,"https://apps.dep.wv.gov/WebApp/_dep/search/Permits/OMR/Permit_details.cfm?permit_id=S200502&dep_office_id=OMR&responsible_party_name=WV RECLAIM CO, LLC",6276280,"[2393]",127.792526,26462.01291,39693.01937,52924.02582,-6249817.98709,-6236586.98063,-6223355.97418
"S200599","WV RECLAIM CO, LLC","ROLLING S AUGERING LLC","IKE FORK NO. 2 SURFACE MINE",3870800,3870800,"A4-Active, No coal removed","Bonded","Coal Surface Mine",715.52,526.32,518.08,421.49,2027-02-28,2002-02-28,"Forestland",NA,1,-999,23,"https://apps.dep.wv.gov/WebApp/_dep/search/Permits/OMR/Permit_details.cfm?permit_id=S200599&dep_office_id=OMR&responsible_party_name=WV RECLAIM CO, LLC",3870800,"[2416, 2414, 2415]",1416.92858275,998396.3235429,1497594.485164,1996792.646726,-2872403.6764571,-2373205.514836,-1874007.353274
"S300207","WV RECLAIM CO, LLC","","Gauley Knob Surface Mine",1120447,1120447,"A4-Active, No coal removed","Bonded","Coal Surface Mine",286.1,137.92,286.1,55.01,2027-07-30,2007-07-30,"Forestland",NA,1,3,30,"https://apps.dep.wv.gov/WebApp/_dep/search/Permits/OMR/Permit_details.cfm?permit_id=S300207&dep_office_id=OMR&responsible_party_name=WV RECLAIM CO, LLC",1120447,"[2392, 2391]",779.16677537,325217.549222,487826.323848,650435.098424,-795229.450778,-632620.676152,-470011.901576
"S200798","WV RECLAIM CO, LLC","ROLLING S AUGERING LLC","BULLPEN FORK SURFACE MINE",1319760,1319760,"A4-Active, No coal removed","Bonded","Coal Surface Mine",350.99,73.38,336.1,268.57,2029-02-16,1999-02-16,"Forestland",NA,1,-999,25,"https://apps.dep.wv.gov/WebApp/_dep/search/Permits/OMR/Permit_details.cfm?permit_id=S200798&dep_office_id=OMR&responsible_party_name=WV RECLAIM CO, LLC",1319760,"[2396, 2395]",555.00233587,447205.581422,670808.372055,894411.162693,-872554.418578,-648951.627945,-425348.837307
"S200409","WV RECLAIM CO, LLC","","Tomahawk Surface Mine",2095000,2095000,"A4-Active, No coal removed","Bonded","Coal Surface Mine",418.3,193.38,418.3,36.6,2026-02-14,2011-02-14,"Forestland",NA,1,2,13,"https://apps.dep.wv.gov/WebApp/_dep/search/Permits/OMR/Permit_details.cfm?permit_id=S200409&dep_office_id=OMR&responsible_party_name=WV RECLAIM CO, LLC",2095000,"[2407]",392.48029308,250343.84989,375515.77477,500687.69978,-1844656.15011,-1719484.22523,-1594312.30022
"S200697","WV RECLAIM CO, LLC","ROLLING S AUGERING LLC","WINOC NO. 2 SURFACE MINE",4041240,4041240,"A4-Active, No coal removed","Bonded","Coal Surface Mine",846.89,137.37,808,709.52,2027-08-20,1997-08-20,"Forestland",NA,1,3,54,"https://apps.dep.wv.gov/WebApp/_dep/search/Permits/OMR/Permit_details.cfm?permit_id=S200697&dep_office_id=OMR&responsible_party_name=WV RECLAIM CO, LLC",4041240,"[2405, 2406]",874.20756882,930192.122625,1395288.18383,1860384.24517,-3111047.877375,-2645951.81617,-2180855.75483
"S500420","WYOMING EAGLE, LLC","","Still Run Surface Mine No. 2",326600,326600,"AM-Active, Moving Coal","Bonded","Coal Surface Mine",150,-999,150,-999,2026-03-24,2021-03-24,"Forestland",NA,1,-999,-999,"https://apps.dep.wv.gov/WebApp/_dep/search/Permits/OMR/Permit_details.cfm?permit_id=S500420&dep_office_id=OMR&responsible_party_name=WYOMING EAGLE, LLC",326600,"[2258]",81.7398081,18717.62395,28076.43592,37435.24789,-307882.37605,-298523.56408,-289164.75211
